pitcher_name,pitcher,Pitches,Velocity,VAA,vMove_diff,Whiff_p,xWhiff_p,Zone_loc,xWhiff_rank,Whiff_diff
"Joyce, Ben",690829,247,102.09514170040485,-4.229518052079288,-0.9614254076849384,0.1700404858299595,0.15196133167476442,0.14979757085020243,1,0.018079154155195093
"Kopech, Michael",656629,896,98.72142857142858,-3.960340979089611,1.3988005117498616,0.16071428571428573,0.15149250653542085,0.23102678571428573,2,0.00922177917886488
"García, Yimi",554340,227,96.47929515418502,-3.6053746943373657,1.771365459285187,0.19383259911894274,0.15067656124136336,0.23348017621145375,3,0.04315603787757938
"Díaz, Edwin",621242,475,97.48673684210526,-3.6031497520219653,0.18747428012792078,0.15789473684210525,0.14930139380923896,0.21263157894736842,4,0.008593343032866296
"Miller, Mason",695243,646,100.87167182662539,-4.632067228261464,1.825445556084631,0.2089783281733746,0.14732741667401608,0.22136222910216719,5,0.06165091149935853
"Scott, Tanner",656945,689,97.0410740203193,-4.124499710571859,3.1573331156925413,0.15529753265602322,0.14631203536267506,0.16690856313497823,6,0.00898549729334816
"Otañez, Michel",671305,247,97.95344129554655,-4.187102816275255,2.0760705235464947,0.1902834008097166,0.14490685314868865,0.2145748987854251,7,0.045376547661027944
"Díaz, Alexis",664747,566,93.92279151943463,-3.408062588059625,1.9222849675062879,0.0989399293286219,0.1435739585877417,0.254416961130742,8,-0.04463402925911979
"Henriquez, Ronny",678692,89,95.66629213483147,-3.774863448131435,1.9470227273509728,0.06741573033707865,0.14325351608471487,0.21348314606741572,9,-0.07583778574763622
"Palencia, Daniel",694037,149,98.18590604026846,-4.035482717181872,0.33130459920987576,0.10738255033557047,0.1427378754612842,0.2550335570469799,10,-0.035355325125713724
"Cleavinger, Garrett",664076,262,96.41183206106871,-3.9797027866665275,1.8683403327982315,0.11068702290076336,0.14158431982773265,0.21374045801526717,11,-0.030897296926969284
"deGrom, Jacob",594798,79,97.32278481012658,-4.283306631297025,2.540206174753271,0.12658227848101267,0.1413293185011229,0.24050632911392406,12,-0.014747040020110236
"Muñoz, Andrés",662253,306,98.44705882352942,-3.9973832015001625,-0.6915933809470403,0.10457516339869281,0.1408367322884102,0.20588235294117646,13,-0.03626156888971739
"Jax, Griffin",643377,319,97.10219435736677,-4.00614200510042,0.7568172472175334,0.16300940438871472,0.13985320913335292,0.2884012539184953,14,0.023156195255361806
"Rodríguez, Randy",678495,416,97.64134615384616,-4.274081479243464,1.5993347095140393,0.11778846153846154,0.13933352472550148,0.1778846153846154,15,-0.021545063187039942
"Kimbrel, Craig",518886,633,93.85434439178515,-3.5704934900200977,1.8506428882309116,0.1358609794628752,0.13897929257676028,0.25434439178515006,16,-0.0031183131138850795
"Montero, Rafael",606160,313,95.38785942492012,-3.738121474705946,0.8145370788485646,0.10543130990415335,0.13823324104468332,0.22364217252396165,17,-0.03280193114052997
"Thornton, Trent",663423,224,95.54776785714286,-4.053827421689465,2.5343992541774405,0.15178571428571427,0.1382141855413861,0.25,18,0.013571528744328182
"Ort, Kaleb",672391,203,97.52266009852217,-4.399566705271744,2.18879220695084,0.1330049261083744,0.13805395485218513,0.20689655172413793,19,-0.005049028743810746
"Jones, Jared",683003,942,97.33259023354564,-4.1245021168933995,0.6652971205538449,0.13588110403397027,0.13772111640090343,0.23991507430997877,20,-0.0018400123669331525
"Pearson, Nate",663878,487,97.670636550308,-4.168191210664846,0.463411118536591,0.10472279260780287,0.13749854491586544,0.2032854209445585,21,-0.03277575230806257
"Woo, Bryan",693433,840,94.83654761904762,-3.7878438165936017,1.4865087108535135,0.16071428571428573,0.13701672304521137,0.26904761904761904,22,0.023697562669074357
"Bednar, David",670280,568,97.23204225352113,-4.321916516659772,1.8092426845527072,0.13556338028169015,0.13700146652886602,0.2658450704225352,23,-0.0014380862471758682
"Montgomery, Mason",682254,115,97.2791304347826,-4.140240029613243,0.5995185601088018,0.21739130434782608,0.13680979281658395,0.28695652173913044,24,0.08058151153124213
"Gil, Luis",661563,1299,96.58221709006928,-4.373176770692036,2.7836310142284724,0.13163972286374134,0.1364803511990591,0.20708237105465743,25,-0.004840628335317759
"Williams, Devin",642207,209,94.7177033492823,-3.982345519348183,2.337798539646357,0.15311004784688995,0.13510186979335062,0.2583732057416268,26,0.018008178053539325
"Núñez, Dedniel",673380,248,96.3233870967742,-4.278428579132134,2.0849674705263617,0.14919354838709678,0.1347186091876939,0.24193548387096775,27,0.014474939199402875
"Domínguez, Seranthony",622554,430,97.66325581395348,-4.441854953905553,1.4206100629949638,0.09767441860465116,0.1346206595764793,0.18604651162790697,28,-0.03694624097182815
"Bello, Brayan",678394,129,95.63488372093023,-3.7093036136275446,-0.7159863244557378,0.09302325581395349,0.13399485122063742,0.23255813953488372,29,-0.040971595406683936
"Adam, Jason",592094,415,95.48120481927711,-4.436215003988616,3.83918816882502,0.13975903614457832,0.13378571790973204,0.2385542168674699,30,0.0059733182348462865
"Bigge, Hunter",685801,177,97.49604519774012,-4.411974370785109,1.0620318468265886,0.13559322033898305,0.1330896434029727,0.192090395480226,31,0.00250357693601036
"García, Deivi",665620,158,95.05253164556962,-3.967614844196604,1.245821417802258,0.16455696202531644,0.13271285352807816,0.17088607594936708,32,0.03184410849723829
"Walters, Andrew",689958,83,95.86144578313252,-4.331260468107642,2.4672155356824756,0.18072289156626506,0.13269928324493976,0.25301204819277107,33,0.048023608321325295
"Stewart, Brock",592779,121,96.97520661157024,-4.372514957618625,1.349860693004869,0.15702479338842976,0.1326582326663514,0.2727272727272727,34,0.02436656072207835
"Greene, Hunter",668881,1416,97.60819209039548,-4.574436505523139,1.7941088270075376,0.13559322033898305,0.13261117927795996,0.23163841807909605,35,0.002982041061023094
"Leiter, Jack",683004,347,96.3956772334294,-4.12290074752845,0.520418252203779,0.1585014409221902,0.13258453002226833,0.2507204610951009,36,0.025916910899921874
"Kelly, Joe",523260,136,98.06764705882352,-4.196728342800131,-1.0845327025228677,0.08088235294117647,0.13252322469084887,0.21323529411764705,37,-0.0516408717496724
"Smith, Drew",622098,143,94.73286713286713,-4.076589834426794,2.2369866470709088,0.13986013986013987,0.13246681707951924,0.2517482517482518,38,0.007393322780620631
"Phillips, Evan",623465,335,96.2134328358209,-4.275654097828425,1.60765562830799,0.16417910447761194,0.13232820665629136,0.23880597014925373,39,0.031850897821320584
"Hernández, Carlos",672578,303,97.87887788778878,-4.53644128717736,1.157817819254852,0.08250825082508251,0.1323086967678107,0.2376237623762376,40,-0.0498004459427282
"Wheeler, Zack",554430,1297,95.26869699306091,-4.084661864784162,1.5800592018724213,0.15497301464919044,0.13225499138187946,0.26137239784117194,41,0.022718023267310983
"Suarez, Robert",663158,700,99.083,-4.751008869797648,0.9748330380218277,0.15,0.13223048150725167,0.2057142857142857,42,0.017769518492748326
"Miller, Bryce",682243,1162,95.15232358003442,-4.223383600852415,2.3450395984710966,0.14802065404475043,0.13136890339625534,0.24784853700516352,43,0.016651750648495084
"McMillon, John",669111,70,95.25285714285714,-4.012885612109556,0.9047787536352949,0.05714285714285714,0.13121691606717845,0.15714285714285714,44,-0.07407405892432131
"Weaver, Luke",596133,667,95.70704647676162,-4.230301772218699,1.6387427356478632,0.1409295352323838,0.13107940438761573,0.2098950524737631,45,0.009850130844768074
"Guerrero, Luis",692285,62,97.52580645161291,-4.563022700993934,1.4220161117872365,0.1774193548387097,0.13099020889626667,0.22580645161290322,46,0.04642914594244302
"Sewald, Paul",623149,376,91.35611702127659,-3.3710174089083353,1.6397933121326567,0.13829787234042554,0.13076068615854433,0.3377659574468085,47,0.007537186181881206
"Estrada, Jeremiah",669093,567,97.20899470899471,-4.169155452286563,-0.6646355643953967,0.18518518518518517,0.1306761111741504,0.21340388007054673,48,0.054509074011034775
"Cronin, Declan",686539,78,93.87564102564103,-3.858881231845589,1.4046425403815093,0.19230769230769232,0.13024002699816173,0.24358974358974358,49,0.06206766530953059
"Santillan, Tony",663574,304,97.18782894736842,-4.265344134050354,-0.166092122788557,0.17105263157894737,0.13022531493042194,0.2532894736842105,50,0.04082731664852543
"Quijada, José",650671,358,93.85530726256984,-3.867327781493941,1.4586585074728582,0.15921787709497207,0.1301510313155505,0.2541899441340782,51,0.029066845779421563
"Abreu, Bryan",650556,603,96.72868988391376,-4.39617601245452,1.0839423512693251,0.13598673300165837,0.1298020230072967,0.20729684908789386,52,0.006184709994361659
"Morejon, Adrian",670970,249,96.87871485943775,-4.337439794659801,0.5124680397451478,0.14056224899598393,0.12967568576389776,0.26104417670682734,53,0.010886563232086172
"Kerkering, Orion",689147,317,97.58706624605678,-4.530299294918222,0.8170980910423644,0.12933753943217666,0.12965827970178534,0.2082018927444795,54,-3.207402696086825e-4
"Winn, Cole",668390,121,95.40330578512396,-4.131169370828866,1.0238186103390206,0.09090909090909091,0.1295413722863908,0.256198347107438,55,-0.038632281377299876
"Rodríguez, Manuel",655889,136,96.70220588235294,-4.269243345699585,0.26637787310636973,0.1323529411764706,0.12948810893882462,0.18382352941176472,56,0.00286483223764597
"Peralta, Freddy",642547,1652,94.33849878934625,-4.038738943066321,1.6424512473357709,0.1234866828087167,0.12906827760335352,0.22639225181598063,57,-0.00558159479463681
"Helsley, Ryan",664854,423,99.56264775413712,-4.696973260633869,-0.7276575953297808,0.09692671394799054,0.12905759042354165,0.2458628841607565,58,-0.0321308764755511
"Kikuchi, Yusei",579328,1374,95.51688500727802,-4.195206776608294,1.1117526361121186,0.14119359534206696,0.12888619880839913,0.2066957787481805,59,0.01230739653366783
"Mlodzinski, Carmen",669387,345,96.18057971014493,-4.127030135667882,-0.16544611129197762,0.11884057971014493,0.12867132982847485,0.2289855072463768,60,-0.009830750118329915
"Ryan, Joe",657746,1021,93.9951028403526,-3.7076032203148896,-0.08562865079788828,0.14495592556317335,0.12853196672138412,0.30852105778648387,61,0.016423958841789238
"Castillo, Luis",622491,1296,95.5591049382716,-4.056116670028831,0.07519373530803897,0.1412037037037037,0.1283257891586923,0.26157407407407407,62,0.012877914545011387
"Burdi, Nick",595897,125,97.5296,-4.56309113716151,0.7040212951153961,0.12,0.12812020951872266,0.152,63,-0.008120209518722665
"Tinoco, Jesus",622786,82,96.35365853658537,-4.347406920125903,0.8115732256890311,0.12195121951219512,0.12806057759206874,0.1951219512195122,64,-0.006109358079873617
"Baz, Shane",669358,578,95.64411764705882,-4.349541923746208,1.6748900128813826,0.11072664359861592,0.1280011028607516,0.2820069204152249,65,-0.017274459262135666
"Cease, Dylan",656302,1388,96.86685878962535,-4.565006503388934,1.415691982646706,0.10158501440922191,0.127685798404122,0.21109510086455333,66,-0.026100783994900095
"Garrett, Reed",657585,162,96.76975308641975,-4.535125410029577,1.3137098549604964,0.12345679012345678,0.1275302085348427,0.1728395061728395,67,-0.004073418411385921
"Cole, Gerrit",543037,700,95.90542857142857,-4.4481477733995805,1.6755721030720636,0.11428571428571428,0.12687424305717654,0.25857142857142856,68,-0.012588528771462257
"Webb, Jacob",657097,414,93.4584541062802,-4.0506246613820585,2.216519490331933,0.13285024154589373,0.12677151369657183,0.30193236714975846,69,0.006078727849321897
"Leclerc, José",600917,419,95.32028639618139,-4.5551529388632055,2.9763575951613603,0.15274463007159905,0.12661978868226711,0.17422434367541767,70,0.026124841389331938
"Javier, Cristian",664299,224,91.65580357142858,-4.054456148410071,4.345216108955299,0.12053571428571429,0.12639946469247648,0.26785714285714285,71,-0.005863750406762194
"Hudson, Daniel",543339,503,95.11153081510935,-4.308659172131431,1.6622823748086741,0.13518886679920478,0.12633889426441902,0.23856858846918488,72,0.008849972534785755
"Vodnik, Victor",680767,849,97.94888103651354,-4.247796413408604,-2.189809466634731,0.0812720848056537,0.12624837100566977,0.20141342756183744,73,-0.044976286200016063
"Rodriguez, Grayson",680570,874,96.07643020594966,-4.202286884844126,-0.19258607383798498,0.13501144164759726,0.1262117666685709,0.2551487414187643,74,0.008799674979026367
"Hernández, Daysbel",678226,135,97.36,-4.500104944788446,-0.020811700134245825,0.13333333333333333,0.12591418942190846,0.14814814814814814,75,0.007419143911424869
"Rasmussen, Drew",656876,173,97.42658959537572,-4.614920641188915,0.5901087836397636,0.16184971098265896,0.12589007429286303,0.23699421965317918,76,0.03595963668979593
"Varland, Gus",681402,243,95.259670781893007,-4.168465291022074,0.5022885748583796,0.10699588477366255,0.12582843212027206,0.23045267489711935,77,-0.01883254734660951
"Harvey, Hunter",640451,570,97.75894736842105,-4.527613065742596,-0.3927726086590866,0.11929824561403508,0.1257019308466351,0.23684210526315788,78,-0.006403685232600029
"Varland, Louie",686973,383,96.25169712793733,-4.266159949889444,-0.1966691932241602,0.13054830287206268,0.12549305025863194,0.23237597911227154,79,0.005055252613430733
"Foley, Jason",671345,74,97.22567567567567,-4.216527726018491,-1.6906886407812145,0.21621621621621623,0.12547418187480974,0.33783783783783783,80,0.09074203434140649
"Cisnero, José",542585,100,95.191,-4.458626560579181,2.2239337673895285,0.18,0.12532044488036798,0.13,81,0.05467955511963202
"Martinez, Justin",679885,134,100.50522388059701,-4.800280673980445,-2.200320310420981,0.1417910447761194,0.12523163686937216,0.17164179104477612,82,0.01655940790674723
"Kochanowicz, Jack",686799,53,96.2566037735849,-4.2545680442277,-0.34918189698927016,0.1509433962264151,0.12518727395126208,0.18867924528301888,83,0.025756122275153004
"Bachar, Lake",669199,77,94.21558441558442,-4.415754933928443,3.112028952832283,0.12987012987012986,0.1251574559060581,0.22077922077922077,84,0.004712673964071767
"Pagán, Emilio",641941,343,94.57142857142857,-4.371732369193654,2.37034099851126,0.15160349854227406,0.12499603378908176,0.21574344023323616,85,0.026607464753192298
"Duran, Jhoan",661395,359,100.46100278551532,-4.646207194703065,-3.1514104717835583,0.181058495821727,0.12495741253109377,0.2562674094707521,86,0.056101083290633236
"Pepiot, Ryan",686752,1088,94.90542279411764,-4.488825413046698,2.6619813810338186,0.14430147058823528,0.1249434248974655,0.21691176470588236,87,0.01935804569076978
"Smith, Burch",572143,448,94.9078125,-4.362335717964597,1.8729776695125722,0.12723214285714285,0.12487507179608878,0.234375,88,0.002357071061054067
"Banda, Anthony",607455,272,96.10661764705883,-4.171079602601501,-0.7692590541046567,0.11764705882352941,0.12480400811736676,0.2757352941176471,89,-0.007156949293837353
"Buttó, José",676130,385,94.21194805194806,-4.16921581546939,1.5208204604325584,0.13246753246753246,0.12476896324215393,0.16883116883116883,90,0.007698569225378524
"Bradley, Taj",671737,957,96.35141065830722,-4.4489837134153305,0.5920060230493007,0.11703239289446186,0.12468340984335108,0.24033437826541273,91,-0.007651016948889214
"Kirby, George",669923,1007,96.00863952333664,-4.343290066096706,0.34470692439329653,0.17676266137040714,0.12459259025759145,0.29493545183714004,92,0.052170071112815686
"Zeferjahn, Ryan",666171,74,97.30540540540541,-4.519527571483216,-0.2056940072290523,0.17567567567567569,0.12442832601787888,0.20270270270270271,93,0.0512473496577968
"Sims, Lucas",608371,277,94.25342960288809,-4.364219284505511,2.569811321851498,0.10830324909747292,0.12442275767056772,0.17689530685920576,94,-0.0161195085730948
"Reid-Foley, Sean",656887,259,94.91969111969112,-4.1997424019359535,0.7502644681303288,0.09652509652509653,0.12439410074416436,0.1891891891891892,95,-0.027869004219067836
"Jiménez, Joe",641729,503,94.51332007952286,-4.446614647918513,2.6104994462520494,0.13518886679920478,0.12384609842533009,0.24453280318091453,96,0.011342768373874684
"Barnes, Jacob",606930,527,95.39639468690702,-4.441663004125486,1.4995625091372204,0.10246679316888045,0.12382954550983574,0.22580645161290322,97,-0.02136275234095529
"Estévez, Carlos",608032,502,96.75677290836653,-4.522041306342093,0.32945302142296384,0.12350597609561753,0.12382893392881836,0.24701195219123506,98,-3.229578332008265e-4
"Sandlin, Nick",680704,296,92.57297297297298,-3.7140810093662484,0.4992157095191274,0.0777027027027027,0.12375317624032615,0.25675675675675674,99,-0.046050473537623454
"Burke, Sean",680732,125,95.264,-4.620328469395177,2.709383944307957,0.136,0.12367700860028863,0.208,100,0.01232299139971138
"Scott, Christian",681035,416,94.2,-4.064268351919763,0.59855657085469,0.11538461538461539,0.12356784917354076,0.25721153846153844,101,-0.008183233788925368
"Kolek, Stephen",663568,105,95.82190476190476,-4.259987699045446,-0.21675724833067456,0.1619047619047619,0.12345612460948373,0.29523809523809524,102,0.038448637295278185
"Wingenter, Trey",622259,89,97.11685393258428,-4.601105471760047,0.10980204944351968,0.06741573033707865,0.1227781221853655,0.21348314606741572,103,-0.055362391848286854
"Leasure, Jordan",673929,335,96.06805970149254,-4.386445720919824,0.08191952457291052,0.12835820895522387,0.12277222548083071,0.2208955223880597,104,0.005585983474393166
"Latz, Jacob",656641,402,94.93109452736319,-4.265948479057619,0.7172791451900338,0.11194029850746269,0.12269879844459317,0.21393034825870647,105,-0.010758499937130475
"Arrighetti, Spencer",681293,1027,94.13573515092503,-4.243996882430189,1.543395146100151,0.09639727361246349,0.12265788162457048,0.18889970788704966,106,-0.026260608012106987
"Parsons, Wes",641149,55,94.80727272727273,-4.494762594205995,2.235921526784537,0.21818181818181817,0.12260398782025178,0.2545454545454545,107,0.09557783036156639
"Williams, Gavin",668909,704,96.62258522727272,-4.486774751643001,-0.09030082321275223,0.12073863636363637,0.12234551050298333,0.296875,108,-0.0016068741393469588
"Anderson, Justin",605121,308,96.02305194805194,-4.419052642160979,0.21916804017552494,0.12987012987012986,0.12230626547407182,0.20454545454545456,109,0.007563864396058037
"Bickford, Phil",641360,118,93.26186440677967,-4.1161311564996685,1.7266537271583395,0.09322033898305085,0.12223659915763509,0.13559322033898305,110,-0.029016260174584238
"Berroa, Prelander",672860,141,97.66312056737588,-4.6132191773227085,-0.6330649569675728,0.0851063829787234,0.12217310635506658,0.16312056737588654,111,-0.037066723376343175
"Erceg, Lucas",668674,293,98.60989761092151,-4.655587719034562,-1.5563638235022061,0.13310580204778158,0.12206644696055755,0.2525597269624573,112,0.011039355087224034
"Halvorsen, Seth",678020,66,99.89242424242424,-4.654724420786391,-3.2047621110939524,0.10606060606060606,0.12174722016452237,0.18181818181818182,113,-0.015686614103916308
"Payamps, Joel",606303,296,94.79391891891892,-4.483694244093576,1.8914489199127296,0.17229729729729729,0.12142405497974125,0.15878378378378377,114,0.050873242317556036
"Gore, MacKenzie",669022,1657,96.00090525045263,-4.54126393010338,0.7501632132133302,0.12130356065178033,0.12134495240984437,0.22812311406155703,115,-4.1391758064043827e-5
"Pérez, Cionel",672335,209,96.52105263157895,-4.525743622102047,-0.03524081955384517,0.09569377990430622,0.1211164389766466,0.18181818181818182,116,-0.025422659072340384
"Nola, Aaron",605400,887,92.48624577226606,-4.005555779565463,1.7111224131987122,0.09695603156708005,0.12107499168330055,0.20969560315670802,117,-0.0241189601162205
"Thompson, Ryan",657044,99,92.46969696969697,-3.3604551584829707,-2.348110366736269,0.12121212121212122,0.120443598680059,0.2727272727272727,118,7.685225320622213e-4
"Ramírez, Yohan",670990,129,94.81472868217054,-4.275302667883505,0.3548283242627335,0.10852713178294573,0.12044228123753771,0.12403100775193798,119,-0.011915149454591975
"Iglesias, Raisel",628452,264,95.46666666666667,-4.5454859033252815,1.1961763932162803,0.16287878787878787,0.1204159732996793,0.16287878787878787,120,0.04246281457910857
"Anderson, Grant",681982,133,92.21804511278195,-3.745143871541864,0.2422997713942614,0.18045112781954886,0.12022072287584604,0.2706766917293233,121,0.060230404943702825
"Smith, Cade",671922,806,95.99764267990075,-4.539007593421118,0.4566031354700364,0.16129032258064516,0.12020376903433147,0.271712158808933,122,0.04108655354631369
"Ryan, River",689981,118,96.2677966101695,-4.584616417002876,0.35699905674272436,0.05084745762711865,0.12001267980383276,0.16101694915254236,123,-0.06916522217671411
"Cabrera, Génesis",650893,190,95.94105263157894,-4.527640550991986,0.37121793952048066,0.10526315789473684,0.11986091581386488,0.29473684210526313,124,-0.01459775791912804
"Neely, Jack",680891,52,96.13653846153846,-4.773894529950356,1.6131217185739093,0.1346153846153846,0.11979242967716686,0.19230769230769232,125,0.014822954938217753
"Muñoz, Roddery",682610,399,95.4218045112782,-4.324057190269219,-0.25550632305629506,0.08270676691729323,0.11977248989313943,0.22055137844611528,126,-0.037065722975846205
"Slaten, Justin",686580,237,96.41350210970464,-4.7650541343283885,1.1982639500397205,0.13924050632911392,0.11969830091676487,0.23628691983122363,127,0.01954220541234905
"Sears, JP",676664,1037,91.91600771456123,-3.930411800511379,1.5973123595458638,0.13404050144648022,0.11965888692318372,0.22179363548698167,128,0.014381614523296504
"Weissert, Greg",669711,234,93.86068376068376,-4.296330728279844,1.3769920207912598,0.12393162393162394,0.11936093251964121,0.23504273504273504,129,0.0045706914119827274
"Vesia, Alex",681911,701,93.35392296718973,-4.035237451752743,0.3988766533624357,0.14835948644793154,0.11932682630794596,0.2582025677603424,130,0.02903266013998558
"Marte, Yunior",628708,77,97.06493506493507,-4.611137807341974,-0.6474415506368469,0.03896103896103896,0.11923358786208609,0.16883116883116883,131,-0.08027254890104712
"Black, Mason",696131,213,92.4169014084507,-3.9497703076776247,0.9909546707595318,0.12206572769953052,0.11920319146377362,0.27699530516431925,132,0.002862536235756899
"Legumina, Casey",668984,83,93.38433734939758,-3.996590777140463,0.07697621723982984,0.024096385542168676,0.11912644878753861,0.12048192771084337,133,-0.09503006324536994
"Puk, A.J.",640462,502,95.55916334661354,-4.499645836177036,0.47163710994017904,0.16533864541832669,0.11907687848406293,0.2908366533864542,134,0.04626176693426376
"Buehler, Walker",621111,389,95.01748071979435,-4.359504805289148,0.2670918539656384,0.06940874035989718,0.11902495868996822,0.21079691516709512,135,-0.049616218330071044
"Brzykcy, Zach",694350,58,94.02931034482759,-4.236315973325587,0.6777667083919283,0.06896551724137931,0.11884338350385977,0.20689655172413793,136,-0.04987786626248046
"Baumann, Mike",657508,432,96.53148148148148,-4.656699517285274,0.17907799737535512,0.09722222222222222,0.11882774557136883,0.21296296296296297,137,-0.021605523349146602
"Reynolds, Sean",669308,110,96.87545454545455,-4.932423253161983,1.4197241840009625,0.15454545454545454,0.11876169505726997,0.2545454545454545,138,0.035783759488184574
"Green, Chad",643338,504,95.46448412698413,-4.6412061747293665,1.3602798323804102,0.10714285714285714,0.11872497231167169,0.2777777777777778,139,-0.01158211516881455
"Boyle, Joe",671212,570,97.71842105263158,-5.037620038630235,1.0087405892820627,0.1,0.11867003091109181,0.1649122807017544,140,-0.018670030911091803
"Crochet, Garrett",676979,1287,97.15641025641025,-4.8585533380140715,0.5790273865826645,0.16627816627816627,0.11856473301019897,0.24786324786324787,141,0.0477134332679673
"Bido, Osvaldo",674370,415,94.84048192771084,-4.534098154834951,1.4215150616229018,0.12289156626506025,0.11853055811882811,0.19518072289156627,142,0.004361008146232137
"Hoffman, Jeff",656546,391,96.6460358056266,-4.809988452187148,0.8402456973363783,0.16624040920716113,0.11830023346937264,0.17902813299232737,143,0.047940175737788485
"Leone, Dominic",608678,96,94.91041666666666,-4.48539959349929,0.9778895896846329,0.14583333333333334,0.11828023934627659,0.28125,144,0.027553093987056756
"Hernández, Elieser",622694,109,91.76880733944954,-4.101845892263517,2.458306505285215,0.07339449541284404,0.11820798511975145,0.14678899082568808,145,-0.044813489706907406
"Miller, Shelby",571946,515,93.48388349514563,-4.1606447763906,0.7163540133154456,0.1145631067961165,0.1181745661463059,0.2174757281553398,146,-0.0036114593501894027
"Nicolas, Kyle",693312,523,97.37495219885277,-4.831000423398334,0.04452501814112608,0.09369024856596558,0.11816059988762397,0.2179732313575526,147,-0.024470351321658382
"Stanek, Ryne",592773,586,97.73310580204779,-4.999889710958144,0.5200482153236621,0.15017064846416384,0.11769949709738997,0.1962457337883959,148,0.032471151366773865
"Klein, Will",694361,83,96.99638554216868,-4.608596468176989,-0.9790877927520398,0.07228915662650602,0.11762616619035597,0.2289156626506024,149,-0.04533700956384995
"Ortiz, Luis",682847,574,95.852787456446,-4.287448109721526,-1.616054786889709,0.10104529616724739,0.11730986950402786,0.21602787456445993,150,-0.01626457333678047
"Kelly, Zack",677161,286,96.53741258741259,-4.612522053150894,-0.4809986409773117,0.10139860139860139,0.11728280975118552,0.1888111888111888,151,-0.015884208352584125
"Megill, Trevor",656730,476,98.7703781512605,-5.12834936892718,-0.10011133126135618,0.12394957983193278,0.11715063597542177,0.22899159663865545,152,0.006798943856511003
"Minter, A.J.",621345,249,94.53654618473895,-4.569404011078702,1.622836293572579,0.10040160642570281,0.11698684874135848,0.2248995983935743,153,-0.01658524231565567
"Mize, Casey",663554,691,95.51215629522432,-4.441381593249808,-0.37270684128018416,0.10709117221418235,0.11687589714688819,0.22431259044862517,154,-0.009784724932705838
"King, Michael",650633,699,93.69656652360516,-4.41411224090948,1.648321832735025,0.12589413447782546,0.11676784162511812,0.2646638054363376,155,0.009126292852707343
"Gillispie, Connor",687362,58,92.1655172413793,-4.052122723148865,1.2721100683687698,0.1206896551724138,0.1165989866848452,0.2413793103448276,156,0.004090668487568602
"Nardi, Andrew",677053,551,94.04882032667877,-4.275085371739746,0.32168219924894004,0.147005444646098,0.11655946250269075,0.24682395644283123,157,0.03044598214340724
"Cuas, Jose",621016,107,91.62429906542056,-3.5696614535308213,-1.0142166936367953,0.17757009345794392,0.1165477934832826,0.27102803738317754,158,0.06102229997466131
"Strider, Spencer",675911,91,96.28021978021978,-4.664323688020806,-0.0916143904197142,0.0989010989010989,0.11632114146219309,0.1978021978021978,159,-0.017420042561094196
"Wrobleski, Justin",680736,350,95.10542857142858,-4.520514978551099,0.4341087613580381,0.11714285714285715,0.11619135418144985,0.18857142857142858,160,9.51502961407294e-4
"Paredes, Enoli",660600,129,93.86356589147287,-4.181854113270143,-0.1363463654137096,0.13953488372093023,0.11608888708569404,0.13178294573643412,161,0.023445996635236194
"Strahm, Matt",621381,531,93.38587570621469,-4.312137852048274,1.2266282997219093,0.15065913370998116,0.11604216078253454,0.2222222222222222,162,0.034616972927446615
"Romano, Jordan",605447,103,96.37184466019417,-4.744055632602054,0.0989183068836681,0.02912621359223301,0.1155871735644219,0.21359223300970873,163,-0.08646095997218889
"Winckowski, Josh",670174,63,95.06825396825397,-4.245034534886858,-1.355871419976392,0.14285714285714285,0.11554676242636008,0.2222222222222222,164,0.027310380430782766
"Wilson, Steven",621051,248,93.53870967741935,-4.548863079994361,2.3426873499112837,0.07661290322580645,0.11549153114318177,0.17338709677419356,165,-0.038878627917375314
"Ruiz, José",614179,229,96.37554585152839,-4.8878129691973475,0.8978813923720779,0.1615720524017467,0.11530327967177413,0.22707423580786026,166,0.04626877272997258
"Petersen, Michael",656848,238,97.06050420168067,-4.855306544704774,-0.14222698756075047,0.10504201680672269,0.11527390082260995,0.24369747899159663,167,-0.01023188401588726
"Speier, Gabe",642100,147,93.04353741496598,-4.304071063666791,1.383761658754949,0.19047619047619047,0.11519286905851878,0.21768707482993196,168,0.07528332141767169
"Bloss Jr., Jake",814005,104,93.36538461538461,-4.513170430152217,2.2276413322955193,0.0673076923076923,0.1150518278774481,0.19230769230769232,169,-0.04774413556975579
"Megill, Tylor",656731,638,95.7076802507837,-4.782383516168352,1.0081919721824963,0.14106583072100312,0.1150501116345471,0.1724137931034483,170,0.026015719086456016
"Knack, Landon",689017,532,93.471992481203,-4.291772879016363,0.7196319067513919,0.09962406015037593,0.11492368336897228,0.2236842105263158,171,-0.015299623218596348
"Pfaadt, Brandon",694297,932,93.82027896995709,-4.597871482812687,2.138409665125339,0.11158798283261803,0.11485242087543188,0.2371244635193133,172,-0.003264438042813844
"López, Pablo",641154,1217,95.01873459326212,-4.571431978733217,0.4739084929646644,0.14050944946589974,0.11468156701471124,0.22514379622021363,173,0.0258278824511885
"Warren, Will",701542,140,93.79571428571428,-4.607408722439722,2.1438672072686575,0.10714285714285714,0.11452077397431297,0.18571428571428572,174,-0.007377916831455833
"Hicks, Jordan",663855,106,95.45,-4.420586669676422,-1.01214078456446,0.11320754716981132,0.11450851716606425,0.2169811320754717,175,-0.0013009699962529264
"Mattson, Isaac",676755,70,93.98142857142857,-4.536250451428039,1.4776110966103921,0.07142857142857142,0.11449199245551288,0.2714285714285714,176,-0.043063421026941454
"Brebbia, John",605154,476,93.84789915966387,-4.438766941712497,1.0044922543183574,0.13025210084033614,0.11431828047110688,0.23319327731092437,177,0.01593382036922926
"Vieira, Thyago",600986,167,97.76107784431137,-4.868264445861209,-1.1598063882081426,0.12574850299401197,0.11430016709468771,0.16167664670658682,178,0.011448335899324258
"Severino, Luis",622663,1025,96.1510243902439,-4.7371688001331735,-0.006136027404409106,0.12585365853658537,0.11425056729147279,0.22146341463414634,179,0.011603091245112579
"Soto, Gregory",642397,116,97.98879310344827,-4.747411739287458,-2.200043539295919,0.16379310344827586,0.11418849593228222,0.12931034482758622,180,0.04960460751599363
"Spiers, Carson",686730,465,92.36193548387097,-4.297133083395152,1.911363454477339,0.09247311827956989,0.1141423296278818,0.2537634408602151,181,-0.021669211348311915
"Cannon, Jonathan",686563,249,94.25943775100401,-4.453124097692892,0.5417459519842911,0.12048192771084337,0.11412422846626906,0.23293172690763053,182,0.006357699244574314
"Schwellenbach, Spencer",680885,549,96.12131147540984,-4.6811156452903395,-0.35175877444462245,0.10382513661202186,0.11408558000643183,0.21311475409836064,183,-0.010260443394409971
"Finnegan, Kyle",640448,721,97.20291262135922,-4.595655631900998,-2.190524813698536,0.10818307905686546,0.11408407134534419,0.2288488210818308,184,-0.005900992288478735
"Vest, Will",676684,651,96.13794162826422,-4.519627077618525,-1.363535069550192,0.11059907834101383,0.11404695158910372,0.2457757296466974,185,-0.003447873248089886
"Alcala, Jorge",660896,412,98.0376213592233,-5.120667375391739,-0.034513707344110856,0.14805825242718446,0.1140098666196809,0.24271844660194175,186,0.03404838580750355
"Voth, Austin",608723,231,93.57662337662337,-4.5415855435436505,1.8755116926752748,0.11688311688311688,0.11397689414148876,0.21212121212121213,187,0.00290622274162812
"Imanaga, Shota",684007,1347,91.65590200445435,-4.170234174951937,1.9016256262487339,0.0957683741648107,0.11374422820988307,0.2635486265775798,188,-0.017975854045072376
"Sborz, Josh",622250,130,95.1123076923077,-4.842435746027033,1.7698308427639304,0.1076923076923077,0.11372558072563617,0.24615384615384617,189,-0.006033273033328471
"Romero, JoJo",668941,91,95.06483516483516,-4.390968225577335,-1.0135400505913381,0.06593406593406594,0.11333872470477001,0.26373626373626374,190,-0.04740465877070407
"Leahy, Kyle",681517,308,95.45551948051948,-4.618429218879412,-0.11133699305018752,0.09415584415584416,0.11332076653332755,0.2532467532467532,191,-0.019164922377483393
"Brieske, Beau",689225,465,95.86365591397849,-4.971242374291922,1.5329402643185261,0.1010752688172043,0.11330755084759934,0.14838709677419354,192,-0.012232282030395045
"Snider, Collin",676092,278,94.15287769784173,-4.267362614640149,-0.6959836718831394,0.16546762589928057,0.11316655951055206,0.2949640287769784,193,0.052301066388728515
"Gaddis, Hunter",683769,412,95.41674757281554,-4.8642114626885915,1.3844429902402098,0.10194174757281553,0.11313615656283299,0.2912621359223301,194,-0.01119440899001746
"Booser, Cam",592155,285,95.31473684210526,-4.620200204869492,0.021779965584986627,0.15087719298245614,0.11312252357970741,0.23508771929824562,195,0.03775466940274873
"Johnson, Pierce",572955,221,95.46153846153847,-4.643158134597002,-0.02147123442213683,0.09502262443438914,0.11310704551026929,0.21266968325791855,196,-0.018084421075880153
"Madden, Ty",680744,172,94.29476744186046,-4.616939748152386,1.2351328027555741,0.08139534883720931,0.11308051286805668,0.27325581395348836,197,-0.03168516403084737
"Marinaccio, Ron",676760,202,93.57574257425743,-4.32796969520537,0.3205024924914639,0.1188118811881188,0.11294256638628068,0.19801980198019803,198,0.005869314801838124
"Darvish, Yu",506433,239,94.03138075313808,-4.597702026700346,1.337160569544782,0.0794979079497908,0.11266981354053426,0.19665271966527198,199,-0.03317190559074347
"Junk, Janson",676083,84,93.83809523809524,-4.539567496987776,1.2012586692984613,0.09523809523809523,0.11259704678786142,0.15476190476190477,200,-0.01735895154976619
"Gilbert, Logan",669302,937,96.62347918890075,-4.813870401093169,-0.5489351527935007,0.09284951974386339,0.11250910683430057,0.19743863393810032,201,-0.019659587090437178
"Suarez, José",660761,394,92.99441624365483,-4.523714991960633,2.0736833375452406,0.08883248730964467,0.11235633404614637,0.1548223350253807,202,-0.023523846736501694
"Mazur, Adam",800049,229,94.5759825327511,-4.509104768572007,0.04202182466053728,0.06550218340611354,0.11229819452589142,0.2663755458515284,203,-0.04679601111977788
"Kerr, Ray",678061,171,95.15730994152047,-4.83087303702092,1.2673646378885817,0.11695906432748537,0.1122085606766978,0.1871345029239766,204,0.00475050365078758
"Brasier, Ryan",518489,110,94.48,-4.545626650655924,0.32846388678147065,0.16363636363636364,0.11208649948252401,0.3,205,0.05154986415383962
"France, J.P.",641585,137,92.18832116788322,-4.401729836160071,2.219329214840668,0.058394160583941604,0.11197232147278478,0.24087591240875914,206,-0.05357816088884318
"Casparius, Ben",676508,76,95.49342105263158,-4.670151118899554,-0.21972441913804808,0.17105263157894737,0.11180629661493004,0.35526315789473684,207,0.059246334964017336
"Hughes, Brandon",676714,116,92.44913793103449,-4.356802792406435,1.5780952123595249,0.07758620689655173,0.11177104774775398,0.21551724137931033,208,-0.034184840851202256
"Chapman, Aroldis",547973,386,97.80751295336788,-5.169592121713235,-0.030229843198590345,0.10880829015544041,0.11170289501133765,0.17357512953367876,209,-0.002894604855897237
"Akin, Keegan",669211,695,93.88762589928058,-4.7278096352308845,2.044448865117637,0.14244604316546763,0.11162811383671138,0.21007194244604316,210,0.030817929328756252
"Bubic, Kris",663460,207,93.04685990338164,-4.664210396400749,2.6733493234132375,0.15942028985507245,0.11158980922773415,0.2028985507246377,211,0.0478304806273383
"Lucas, Easton",687922,132,94.20984848484848,-4.512623947642038,0.26957194661599004,0.08333333333333333,0.11133212807568323,0.2196969696969697,212,-0.027998794742349897
"Miller, Erik",669062,631,96.86244057052298,-5.109341795301652,0.6435926365931302,0.12836767036450078,0.11125197983308942,0.21394611727416799,213,0.017115690531411362
"Rodríguez, Yerry",666720,254,96.30511811023622,-4.8043813485997635,-0.5656967906514527,0.08267716535433071,0.11111293449465977,0.1968503937007874,214,-0.028435769140329054
"Scott, Tayler",605463,584,92.69400684931507,-3.923873980946366,-1.5208324217118978,0.1232876712328767,0.11109537014980914,0.2962328767123288,215,0.01219230108306757
"Bazardo, Eduard",660825,118,94.39152542372881,-4.511483406455472,-0.023425232053952527,0.11864406779661017,0.11107259325749423,0.288135593220339,216,0.007571474539115941
"Zuñiga, Guillo",670871,88,96.93977272727273,-5.064794638398543,0.22794208833968455,0.09090909090909091,0.1110489169349761,0.19318181818181818,217,-0.020139826025885182
"Robertson, Nick",687798,97,94.34432989690721,-4.599279097012089,0.5489932114609335,0.09278350515463918,0.11099641255728117,0.27835051546391754,218,-0.01821290740264199
"Glasnow, Tyler",607192,905,96.31027624309392,-5.005455649490113,0.6098571823922114,0.10607734806629834,0.11094912336112489,0.22430939226519336,219,-0.004871775294826547
"Matthews, Zebby",805673,307,94.90879478827361,-4.6682441414067055,0.2581249135197119,0.08794788273615635,0.11090813788319329,0.23452768729641693,220,-0.022960255147036937
"Ross, Joe",605452,192,94.784375,-4.470574776046268,-0.8074814256047578,0.14583333333333334,0.11084610672720643,0.2760416666666667,221,0.03498722660612691
"De Los Santos, Enyel",660853,557,95.45852782764811,-4.638604522823957,-0.6146789795029033,0.12028725314183124,0.11081843236546635,0.26032315978456017,222,0.009468820776364892
"Santana, Dennis",642701,290,95.74034482758621,-4.882616539298743,0.5251717205896629,0.10344827586206896,0.11081765784795032,0.1896551724137931,223,-0.007369381985881357
"Gasser, Robert",688107,79,93.30506329113925,-4.291986618061398,-0.1362160364697882,0.08860759493670886,0.11065888359818157,0.20253164556962025,224,-0.022051288661472712
"Brown, Hunter",686613,1002,95.96327345309382,-4.747568315575404,-0.6076065557860986,0.13972055888223553,0.11065747583911106,0.27045908183632733,225,0.029063083043124466
"Nelson, Ryne",669194,1341,95.18956002982848,-4.81501995380603,0.7306545853129798,0.10216256524981357,0.11059622448374107,0.21700223713646533,226,-0.0084336592339274985
"Hill, Tim",657612,256,90.696875,-3.3303791708440027,-2.825537290538099,0.09375,0.11056800032973985,0.23828125,227,-0.016818000329739846
"Peralta, Luis",678821,137,95.03941605839417,-4.47530943518886,-1.2093374325236734,0.06569343065693431,0.11036490293339343,0.20437956204379562,228,-0.04467147227645912
"Strzelecki, Peter",657265,81,92.25555555555556,-4.225625273603793,0.6172059860691199,0.12345679012345678,0.1101654300528932,0.24691358024691357,229,0.013291360070563585
"Birdsong, Hayden",806185,619,95.77641357027464,-4.838031944726647,0.033611680222371376,0.07592891760904685,0.11010799880948875,0.21809369951534732,230,-0.0341790812004419
"Montas, Frankie",593423,873,95.6368843069874,-4.866496253497638,0.36786298485517754,0.12714776632302405,0.11007203684395898,0.20618556701030927,231,0.017075729479065063
"Marsh, Alec",679525,799,94.15907384230287,-4.673222483445402,0.9640940496567065,0.10137672090112641,0.10994950236075794,0.1939924906132666,232,-0.008572781459631529
"Festa, Matt",670036,155,91.81612903225806,-4.045788348391226,-0.00350163784187707,0.16774193548387098,0.10991197707057065,0.2709677419354839,233,0.057829958413300325
"Weems, Jordan",607179,451,96.00354767184035,-4.70894363455191,-1.090946305031757,0.08425720620842572,0.10985578079938882,0.19290465631929046,234,-0.025598574590963097
"Sands, Cole",663485,325,95.65784615384615,-4.855228235136975,0.19731395127422502,0.16615384615384615,0.10976453196505169,0.25846153846153846,235,0.05638931418879446
"Kremer, Dean",665152,697,93.37073170731708,-4.6056102717443705,1.4511222371884536,0.11621233859397417,0.10969587054550704,0.26398852223816355,236,0.006516468048467131
"Skubal, Tarik",669373,942,96.84861995753715,-4.90073224485614,-1.0051710098465492,0.1454352441613588,0.10965485360058103,0.23248407643312102,237,0.03578039056077778
"Ferguson, Tyler",621053,318,95.83301886792452,-4.984224730478991,0.7293450000377053,0.16666666666666666,0.10960885803620499,0.21069182389937108,238,0.05705780863046167
"Ray, Robbie",592662,301,94.08073089700997,-4.62857719827861,0.68883791578941,0.12956810631229235,0.10955014303498592,0.2857142857142857,239,0.020017963277306428
"Diaz, Yilber",700270,272,96.06764705882352,-4.7322328636140325,-1.104341162253947,0.05514705882352941,0.10954680335993142,0.16911764705882354,240,-0.054399744536402006
"Francis, Bowden",670102,800,92.878875,-4.6848021885916475,2.4775586556808733,0.11,0.10947560738890003,0.24,241,5.243926110999747e-4
"Yates, Kirby",489446,623,93.15184590690208,-4.5598996721601175,1.3768880398325472,0.1781701444622793,0.10944181786289464,0.18459069020866772,242,0.06872832659938466
"Fitts, Richard",690916,140,94.47,-4.698684257679084,0.6096271249657654,0.08571428571428572,0.10942608916563688,0.2642857142857143,243,-0.02371180345135117
"Marte, José",665896,75,96.56,-4.9354155224796425,-0.514597229512054,0.13333333333333333,0.10936448112653632,0.2,244,0.02396885220679701
"Weathers, Ryan",677960,561,95.89714795008912,-4.820700250971622,-0.4270897273316052,0.06417112299465241,0.1092712209627727,0.2014260249554367,245,-0.045100097968120284
"Yamamoto, Yoshinobu",808967,595,95.4853781512605,-4.6365613171239275,-1.0632684128091192,0.08235294117647059,0.10919632224822727,0.1546218487394958,246,-0.026843381071756683
"Suárez, Albert",544150,1116,94.79256272401433,-4.801792193043587,0.7821276723320771,0.12007168458781362,0.10918030058562989,0.2732974910394265,247,0.01089138400218373
"Fernandez, Ryan",681676,479,95.4858037578288,-4.523560034246405,-1.7756927554258226,0.08768267223382047,0.10909649235699222,0.17954070981210857,248,-0.02141382012317175
"Miller, Bobby",676272,399,97.61002506265665,-5.048689335646373,-1.1928061556463945,0.09022556390977443,0.10901599164955113,0.17794486215538846,249,-0.018790427739776697
"Cruz, Fernando",518585,370,94.6481081081081,-4.733114360194939,0.4923110872857954,0.05945945945945946,0.10898582274211063,0.1891891891891892,250,-0.04952636328265117
"Sale, Chris",519242,1064,94.84210526315789,-4.450714774617929,-1.4627788887162954,0.11654135338345864,0.10897982831107118,0.27725563909774437,251,0.007561525072387457
"Mercado, Michael",675650,123,95.37967479674796,-4.887619128940713,0.4889364901501523,0.06504065040650407,0.10878148083384967,0.25203252032520324,252,-0.0437408304273456
"Dubin, Shawn",681869,369,94.97506775067751,-4.814726599780057,0.5285656193130563,0.07317073170731707,0.10873928813414141,0.17615176151761516,253,-0.03556855642682434
"Silseth, Chase",681217,71,93.72676056338028,-4.917830627543094,2.669991429622595,0.14084507042253522,0.10870910749180664,0.18309859154929578,254,0.03213596293072858
"Crawford, Kutter",676710,952,92.56533613445379,-4.589781336475475,2.0913131804863845,0.10189075630252101,0.1087084968304399,0.2657563025210084,255,-0.006817740527918892
"Keller, Mitch",656605,865,94.4078612716763,-4.630558494071123,0.08858308039251561,0.11907514450867052,0.10869194445825697,0.2855491329479769,256,0.010383200050413544
"Taylor, Troy",700187,188,97.02553191489362,-4.7175168529550655,-2.5748641255932156,0.06382978723404255,0.1086898933379084,0.23404255319148937,257,-0.04486010610386586
"Roycroft, Chris",688297,193,95.02953367875648,-4.360435171111433,-2.3547672336357177,0.15025906735751296,0.108519293444201,0.2849740932642487,258,0.04173977391331196
"Soroka, Michael",647336,468,93.46816239316239,-4.719694651720585,1.7305181431901584,0.09615384615384616,0.1085078335366186,0.24572649572649571,259,-0.012353987382772436
"Webb, Logan",657277,170,92.56647058823529,-3.8864278505201075,-2.2445610372278892,0.1411764705882353,0.10847561439822435,0.18235294117647058,260,0.03270085619001094
"Skenes, Paul",694973,834,98.82410071942446,-5.027404215378182,-2.9399277369425274,0.1223021582733813,0.10846350116531907,0.2158273381294964,261,0.01383865710806223
"Irvin, Jake",663623,1153,93.94180398959237,-4.624714438470517,0.5580242863227038,0.11882046834345186,0.10843751334329241,0.2610581092801388,262,0.010382955000159455
"Manning, Matt",666159,211,93.84549763033175,-4.652355952577866,0.787533247288227,0.10900473933649289,0.10821241695354267,0.14218009478672985,263,7.923223829502252e-4
"Zerpa, Angel",672582,191,95.79476439790577,-4.499923800912197,-2.566524475118488,0.05235602094240838,0.10800922956670192,0.23036649214659685,264,-0.05565320862429354
"Vásquez, Randy",681190,480,94.29645833333333,-4.807239245133359,1.116806978389615,0.11666666666666667,0.10796067079718696,0.23125,265,0.008705995869479705
"Hamilton, Ian",641656,138,96.39492753623189,-4.888633187613556,-0.975980103839964,0.10869565217391304,0.10784379595803546,0.2028985507246377,266,8.518562158775778e-4
"Armstrong, Shawn",542888,368,93.31413043478261,-4.61383118220021,1.091930083759305,0.18478260869565216,0.10777315688199784,0.23369565217391305,267,0.07700945181365432
"Flaherty, Jack",656427,1138,93.33224956063269,-4.751228528434899,1.8856041613532089,0.10984182776801406,0.10769416710461069,0.1616871704745167,268,0.0021476606634033696
"Kittredge, Andrew",552640,128,93.9640625,-4.76173844065667,1.153261267898813,0.1171875,0.10759006542468011,0.2578125,269,0.00959743457531989
"McArthur, James",663704,81,94.70123456790124,-4.590673571016732,-0.7863765943996217,0.08641975308641975,0.10758724340116085,0.25925925925925924,270,-0.021167490314741105
"Moll, Sam",594580,237,93.3337552742616,-4.357561704962431,-0.5406889110957227,0.12658227848101267,0.10757008192672356,0.23628691983122363,271,0.01901219655428911
"Merryweather, Julian",657240,119,95.95630252100841,-4.711767266491139,-1.6267468822888382,0.07563025210084033,0.10740077615852049,0.226890756302521,272,-0.03177052405768016
"Sabrowski, Erik",681870,114,92.64561403508772,-4.5872285755912,1.6486222387870164,0.16666666666666666,0.10738448892078498,0.22807017543859648,273,0.05928217774588168
"Contreras, Roansy",672710,404,94.72277227722772,-4.842832956813903,0.630756588968417,0.08168316831683169,0.10722617061038611,0.19801980198019803,274,-0.025543002293554426
"Rodón, Carlos",607074,1531,95.44180274330503,-5.033507855256019,0.8971848102573077,0.11365120836054866,0.1071609243952426,0.22077073807968647,275,0.006490283965306071
"Stratton, Hunter",676702,216,95.4875,-5.0682473053859445,1.0263959346630216,0.12037037037037036,0.10705519256291765,0.1712962962962963,276,0.013315177807452713
"Soriano, George",666277,223,94.1,-4.41990774851543,-1.2361318408587465,0.08071748878923767,0.10700612955456207,0.2242152466367713,277,-0.026288640765324403
"López, Reynaldo",625643,1164,95.49707903780069,-4.864461078327526,-0.2479149765003612,0.08247422680412371,0.10696046923290405,0.19673539518900343,278,-0.024486242428780336
"Stone, Gavin",694813,532,94.88496240601503,-4.658002346359256,-0.7758857170667426,0.07142857142857142,0.10688412205966512,0.17293233082706766,279,-0.035455550631093694
"Rocker, Kumar",677958,92,95.96847826086956,-4.646406469702889,-2.170971443464948,0.07608695652173914,0.10687015589825134,0.2391304347826087,280,-0.030783199376512208
"Newcomb, Sean",656794,87,93.74252873563218,-4.936995465554042,2.3082337053606636,0.10344827586206896,0.10686331576096035,0.27586206896551724,281,-0.0034150398988913866
"Ellard, Fraser",686642,240,95.14666666666666,-4.976418856499093,0.8329998532687153,0.09166666666666666,0.10685163628507145,0.14583333333333334,282,-0.015184969618404792
"Lovelady, Richard",663992,104,92.43365384615385,-4.595215195593261,1.8171788911399744,0.125,0.10682783799028213,0.15384615384615385,283,0.01817216200971787
"Snell, Blake",605483,822,95.86642335766423,-5.038809040325846,0.3250272211027436,0.10462287104622871,0.10681248107330922,0.24817518248175183,284,-0.002189610027080513
"Mears, Nick",683232,619,96.68481421647819,-4.901541781436621,-1.5501710480154713,0.10339256865912763,0.10664066250556609,0.1987075928917609,285,-0.0032480938464384546
"Clevinger, Mike",605182,121,93.31652892561983,-4.681121941351716,1.2068435363588712,0.1322314049586777,0.10660186378345808,0.2066115702479339,286,0.02562954117521961
"Anderson, Chase",502624,151,93.6092715231788,-4.4682989824842885,-0.6122048349323244,0.10596026490066225,0.10592598446300727,0.2582781456953642,287,3.4280437654979345e-5
"Thielbar, Caleb",573204,385,93.23688311688312,-4.63417047767594,0.808255773661962,0.10649350649350649,0.10575660408355021,0.2519480519480519,288,7.369024099562749e-4
"Hanifee, Brenan",669724,63,95.64603174603175,-4.579611272588608,-2.467467208846644,0.2222222222222222,0.10573019320369921,0.2698412698412698,289,0.116492029018523
"Berríos, José",621244,533,94.06885553470919,-4.525494748821363,-0.8881513516595145,0.08067542213883677,0.10567126079821061,0.24577861163227016,290,-0.02499583865937384
"Faedo, Alex",656412,354,93.97598870056497,-4.971268781993915,1.9313169981618152,0.1271186440677966,0.10565443802063573,0.1977401129943503,291,0.021464206047160872
"Schreiber, John",670167,219,92.86484018264841,-4.026590848616081,-2.491873422363396,0.0776255707762557,0.10551732203621982,0.1461187214611872,292,-0.027891751259964112
"Jarvis, Bryce",686826,346,95.65375722543352,-4.840567108180302,-0.9744448923409283,0.07514450867052024,0.10539149019910782,0.1994219653179191,293,-0.030246981528587583
"Lowder, Rhett",695076,136,93.54779411764706,-4.658865846501037,0.4770339773661014,0.11029411764705882,0.10534531770604812,0.21323529411764705,294,0.004948799941010704
"Oller, Adam",670124,365,93.73232876712329,-4.677089698775477,0.35277629051590864,0.07123287671232877,0.1053048501175234,0.18904109589041096,295,-0.03407197340519463
"Rainey, Tanner",663432,666,94.0496996996997,-5.078751130100085,2.3683917020877665,0.1036036036036036,0.1051455165692824,0.19519519519519518,296,-0.0015419129656787933
"Avila, Nick",687014,78,94.48205128205129,-4.807391143729272,0.17028078709338956,0.19230769230769232,0.10506101807172387,0.1794871794871795,297,0.08724667423596845
"Soriano, José",667755,254,98.82952755905512,-5.233234688906418,-2.5484326001082476,0.047244094488188976,0.1050321750871652,0.13779527559055119,298,-0.05778808059897622
"Blanco, Ronel",669854,1055,93.44919431279621,-4.7749248208206785,1.1856375547304978,0.08341232227488152,0.104873733950863,0.22464454976303316,299,-0.02146141167598148
"Junis, Jakob",596001,93,92.52795698924731,-4.474833554452219,0.47849127171375017,0.11827956989247312,0.10485058505858823,0.25806451612903225,300,0.013428984833884897
"Ferguson, Caleb",657571,407,93.82923832923834,-4.638820652739602,-0.11180021744802104,0.10565110565110565,0.10484755827574088,0.25552825552825553,301,8.035473753647687e-4
"Kuhl, Chad",641771,90,94.93666666666667,-4.387949493824709,-3.004137790800071,0.1111111111111111,0.104780356262935,0.16666666666666666,302,0.006330754848176107
"Walker, Josh",677020,73,94.20821917808219,-4.967135665869416,1.3919818940428605,0.0821917808219178,0.10472542344709139,0.2191780821917808,303,-0.022533642625173586
"Detmers, Reid",672282,729,93.78189300411523,-4.727249673681127,0.44855797943403886,0.12482853223593965,0.10470666776824165,0.22496570644718794,304,0.020121864467697995
"Festa, David",701581,442,94.7418552036199,-4.916287059267116,0.4225834860024591,0.08597285067873303,0.10468692265866553,0.2149321266968326,305,-0.018714071979932495
"Ottavino, Adam",493603,96,93.18125,-4.776767982642441,1.410056827841565,0.16666666666666666,0.10441742755007449,0.15625,306,0.062249239116592164
"Bassitt, Chris",605135,129,92.6046511627907,-4.240766274639234,-1.1493932539211684,0.10852713178294573,0.10440353788590212,0.2248062015503876,307,0.004123593897043615
"Ramirez, Emmanuel",642629,198,93.93434343434343,-4.72760931478123,0.15223303179158165,0.06565656565656566,0.10425379414167225,0.20202020202020202,308,-0.03859722848510659
"Hodge, Porter",687863,393,95.54071246819339,-5.0460802786088,0.12868325951511395,0.09414758269720101,0.10424846029168071,0.16793893129770993,309,-0.010100877594479696
"Adams, Austin",613534,192,93.365625,-4.546463777138781,-0.27311863554072957,0.08854166666666667,0.10418397161957099,0.23958333333333334,310,-0.01564230495290432
"Ureña, José",570632,111,96.43783783783783,-4.910835207676418,-1.870873011162736,0.08108108108108109,0.10391317861887558,0.13513513513513514,311,-0.0228320975377945
"Scherzer, Max",453286,294,92.49489795918367,-4.707049153926185,1.6647247410188744,0.12244897959183673,0.10378102508860491,0.23469387755102042,312,0.018667954503231818
"Singer, Brady",663903,337,91.64747774480712,-4.2965066286762434,0.19457269163850377,0.06824925816023739,0.10375212679001493,0.24925816023738873,313,-0.03550286862977754
"Hernandez, Nick",663321,52,90.75576923076923,-4.685907175184438,3.6269575949310884,0.11538461538461539,0.10366161227099298,0.21153846153846154,314,0.011723003113622413
"Iriarte, Jairo",683568,63,94.05873015873016,-4.512820919660521,-1.4576746933970863,0.015873015873015872,0.10364151811426925,0.12698412698412698,315,-0.08776850224125338
"Sulser, Cole",642121,143,92.21188811188811,-4.592941316484836,1.27997967667849,0.08391608391608392,0.10363624648338278,0.2517482517482518,316,-0.01972016256729886
"White, Mitch",669952,160,93.935625,-4.958025081027212,1.3874763557513656,0.0875,0.10359364967811105,0.28125,317,-0.016093649678111055
"Brazobán, Huascar",623211,196,96.6423469387755,-5.0448768490403415,-1.3879442116938794,0.07142857142857142,0.10358055323805467,0.14285714285714285,318,-0.03215198180948324
"Wicks, Jordan",696136,382,92.55968586387435,-4.643669802887812,1.1463600082888803,0.09162303664921466,0.10356387133634155,0.29842931937172773,319,-0.011940834687126894
"Povich, Cade",700249,565,92.37681415929204,-4.558033834976069,0.8421937939499298,0.08849557522123894,0.10353794262248897,0.25309734513274335,320,-0.015042367401250034
"Strickland, Hunter",519326,369,94.2460704607046,-5.020058517653648,1.3406584326856485,0.08943089430894309,0.10341079022765233,0.16260162601626016,321,-0.01397989591870924
"Gausman, Kevin",592332,1513,93.94653007270324,-4.96627457849244,1.3732392773445667,0.09253139458030403,0.10338818662397846,0.1658955717118308,322,-0.01085679204367443
"Estes, Joey",683155,1048,92.41059160305343,-4.650426764944152,1.3101157346609824,0.09732824427480916,0.10332617842512103,0.26240458015267176,323,-0.0059979341503118705
"Garabito, Gerson",642520,193,93.34715025906736,-4.858179811548252,1.405577199984826,0.07772020725388601,0.10322241626578048,0.20725388601036268,324,-0.02550220901189447
"Medina, Luis",665622,306,95.90980392156862,-5.173191714344929,0.1846268742139312,0.058823529411764705,0.10317529652523239,0.2222222222222222,325,-0.04435176711346768
"Montero, Keider",672456,641,94.67113884555383,-4.836944570061215,-0.3503910155900005,0.08268330733229329,0.10317198252943725,0.21684867394695787,326,-0.020488675197143966
"Manoah, Alek",666201,109,93.33761467889909,-4.8963236982207174,1.6310056207836183,0.13761467889908258,0.10314954772778492,0.14678899082568808,327,0.03446513117129765
"García, Luis",472610,57,95.9719298245614,-4.921712002576021,-1.429968134767428,0.08771929824561403,0.10313595538308026,0.24561403508771928,328,-0.015416657137466233
"Herrin, Tim",682120,248,95.51612903225806,-5.003958115503307,-0.3854626073307159,0.07661290322580645,0.1030904407078033,0.1935483870967742,329,-0.02647753748199684
"Brown, Ben",676962,532,96.42424812030075,-5.2484515334052695,-0.013214666799452601,0.08082706766917293,0.10306194723115647,0.19172932330827067,330,-0.022234879561983542
"Treinen, Blake",595014,82,94.29268292682927,-4.786835675654392,-0.2287009351312097,0.06097560975609756,0.10303094217786816,0.2804878048780488,331,-0.042055332421770605
"Garcia, Robert",676395,500,94.45,-4.921102877072248,0.37760067045367407,0.128,0.10295750322711356,0.182,332,0.025042496772886447
"Wilson, Justin",458677,405,95.47333333333333,-5.088929553174424,0.13934309223132857,0.1506172839506173,0.10291343428848895,0.2,333,0.047703849662128345
"Horn, Bailey",690544,72,95.0111111111111,-4.893806208872111,-0.5224234107785755,0.08333333333333333,0.10275685173229343,0.2222222222222222,334,-0.019423518398960102
"Martin, Davis",663436,254,93.59370078740157,-4.894260465136474,1.1765177607644226,0.08267716535433071,0.10262803648227387,0.21653543307086615,335,-0.01995087112794315
"Matsui, Yuki",673513,432,92.16921296296296,-4.628949466330275,1.2975966499043565,0.10416666666666667,0.10261755391352866,0.19675925925925927,336,0.0015491127531380156
"Cecconi, Slade",677944,708,94.3662429378531,-4.656807848697716,-1.2293920067867674,0.08333333333333333,0.1025468438338173,0.2443502824858757,337,-0.019213510500483977
"Gallen, Zac",668678,1161,93.69345391903532,-5.006377276203774,1.7118675063826103,0.05167958656330749,0.10252863052591885,0.1645133505598622,338,-0.050849043962611355
"Lange, Alex",656638,51,96.32549019607843,-4.978045282881638,-1.7031508143862126,0.0392156862745098,0.10239365066176344,0.1568627450980392,339,-0.06317796438725364
"Swanson, Erik",657024,332,93.88524096385542,-4.68753440424274,-0.4974339516735462,0.10542168674698796,0.1023806145781302,0.24096385542168675,340,0.003041072168857753
"Cabrera, Edward",665795,475,96.296,-5.135955790934342,-0.7288343340768115,0.07578947368421053,0.10230608885543468,0.16421052631578947,341,-0.026516615171224153
"Winn, Keaton",676775,223,95.66547085201793,-5.0480804608130825,-0.5463428190155195,0.12556053811659193,0.10209703237736312,0.2556053811659193,342,0.023463505739228813
"King, Bryan",687911,218,92.10045871559633,-4.623566399922492,1.210244950790715,0.11926605504587157,0.10206086507101246,0.3256880733944954,343,0.017205189974859106
"Baker, Bryan",641329,180,96.33611111111111,-5.131581784556153,-0.8807777499312124,0.16111111111111112,0.10199873073215313,0.20555555555555555,344,0.059112380378957996
"Cortes Jr., Nestor",641482,1259,92.08379666401906,-4.734058079466644,1.88069230148918,0.1096108022239873,0.10197366804774537,0.21445591739475775,345,0.007637134176241928
"Nastrini, Nick",680897,333,93.7054054054054,-5.148710885345234,2.400235632703996,0.06906906906906907,0.10187530848644788,0.10810810810810811,346,-0.03280623941737881
"Martinez, Seth",661527,273,90.7967032967033,-4.0573712703403375,-0.7258660694852548,0.08058608058608059,0.10172658630325078,0.21978021978021978,347,-0.021140505717170188
"Thompson, Keegan",624522,195,93.50461538461539,-4.880284664045682,0.9237656693117593,0.13333333333333333,0.10151670177912128,0.2205128205128205,348,0.03181663155421205
"Manaea, Sean",640455,339,92.34542772861357,-4.430892842855619,-0.4105852208623606,0.16224188790560473,0.10145517050684924,0.2448377581120944,349,0.06078671739875549
"Morgan, Eli",669212,260,92.19653846153847,-4.344134896055471,-0.7825864554482678,0.09230769230769231,0.10135051793412689,0.3076923076923077,350,-0.009042825626434575
"Bummer, Aaron",607481,97,93.6340206185567,-4.687025596205904,-0.4571610668764503,0.12371134020618557,0.1013233787395871,0.1958762886597938,351,0.022387961466598466
"Holmes, Grant",656550,382,94.56675392670157,-4.930242140308331,-0.1332571140114922,0.10471204188481675,0.10125239046720566,0.23821989528795812,352,0.0034596514176110926
"Feltner, Ryan",663372,955,94.58638743455498,-4.67719735842542,-1.7469575923655967,0.08272251308900523,0.10104658980466992,0.2157068062827225,353,-0.01832407671566469
"Frías, Luis",666818,65,95.82461538461538,-5.146483551648917,-0.4046506973816193,0.1076923076923077,0.1010412352147037,0.2153846153846154,354,0.006651072477603992
"Heaney, Andrew",571760,1368,91.54495614035088,-4.225556164515634,-0.9292320618600769,0.09868421052631579,0.10046547353883338,0.23903508771929824,355,-0.0017812630125175893
"Sauer, Matt",669422,148,95.05675675675676,-5.020367126399501,-0.3811017633742644,0.0472972972972973,0.10045474680443695,0.17567567567567569,356,-0.053157449507139645
"Pressly, Ryan",519151,323,93.80402476780186,-5.0172209573670035,1.1257787421373902,0.07739938080495357,0.10044904654817428,0.17647058823529413,357,-0.023049665743220718
"Jackson, Jay",543351,118,91.88389830508474,-4.6527199658212535,1.2130733026694926,0.1016949152542373,0.10029781785843438,0.211864406779661,358,0.0013970973958029181
"Cano, Yennier",666974,106,96.55471698113207,-4.695349552516268,-4.227595744920183,0.14150943396226415,0.10027833834150643,0.3018867924528302,359,0.04123109562075772
"Civale, Aaron",650644,266,92.0375939849624,-4.800965219633905,1.8435826671278548,0.045112781954887216,0.09996223018875451,0.21428571428571427,360,-0.054849448233867296
"Mahle, Tyler",641816,121,91.40165289256198,-4.476117884848759,0.6111855313827235,0.14049586776859505,0.0998310327479457,0.256198347107438,361,0.04066483502064934
"Gray, Jon",592351,720,94.88263888888889,-4.847560635488976,-1.3805788348223,0.07916666666666666,0.09980712739249631,0.1736111111111111,362,-0.020640460725829646
"Bibee, Tanner",676440,1237,94.63654001616815,-4.956248770125261,-0.429240548474052,0.11075181891673404,0.09976862179904013,0.25949878738884397,363,0.01098319711769391
"Alzolay, Adbert",640470,67,94.68805970149253,-5.179246333213719,0.8609699813226079,0.08955223880597014,0.099757139315131,0.14925373134328357,364,-0.010204900509160855
"Ober, Bailey",641927,1028,91.73910505836577,-4.7451815336914995,1.774888134716715,0.11186770428015565,0.0995864608423252,0.2850194552529183,365,0.01228124343783045
"Ragans, Cole",666142,1303,95.39946277820414,-5.19583563513756,0.0431253826070126,0.11742133537989255,0.09955081436216545,0.20721412125863392,366,0.017870521017727098
"Hancock, Emerson",676106,314,93.44171974522293,-4.743383069807955,-0.3267366617595613,0.12738853503184713,0.09952723353109862,0.28343949044585987,367,0.027861301500748517
"Tonkin, Michael",543859,536,93.16175373134328,-4.654781093342324,-0.5363064124304788,0.12313432835820895,0.0994781677439725,0.22574626865671643,368,0.02365616061423645
"Lorenzen, Michael",547179,568,93.78926056338028,-4.741464677736446,-0.8050148156973727,0.07922535211267606,0.09935488054283705,0.22007042253521128,369,-0.020129528430160984
"Rogers, Trevor",669432,708,91.9066384180791,-4.777528179081598,1.647431053326141,0.11440677966101695,0.09910451210247893,0.24858757062146894,370,0.015302267558538016
"Ginkel, Kevin",656464,614,96.03306188925082,-5.2600589562401305,-0.4583168183693562,0.0993485342019544,0.09907071448317661,0.23778501628664495,371,2.778197187777859e-4
"Farmer, Buck",571656,232,92.6926724137931,-4.673789938686588,0.01751855754204179,0.06465517241379311,0.09894060909908554,0.2629310344827586,372,-0.034285436685292436
"Rea, Colin",607067,511,92.92133072407044,-4.650912006588079,-0.4164569777759439,0.136986301369863,0.09887597902839912,0.22700587084148727,373,0.03811032234146389
"Wilson, Bryse",669060,247,93.55101214574898,-4.687883901172455,-0.9659734129051536,0.1214574898785425,0.09884960703316888,0.23076923076923078,374,0.022607882845373628
"Gillaspie, Logan",670810,71,94.79859154929578,-5.013333845453366,-0.57043235083099475,0.11267605633802817,0.09859977853279368,0.19718309859154928,375,0.014076277805234488
"Lugo, Seth",607625,746,92.23739946380697,-4.820511532034732,1.3592941977527122,0.07104557640750671,0.09851667963061066,0.17828418230563003,376,-0.02747110322310395
"Burke, Brock",656271,302,95.72450331125827,-5.284320926819,-0.07857896531518094,0.11589403973509933,0.09849171834940879,0.20860927152317882,377,0.017402321385690547
"Herz, DJ",687792,860,93.50767441860465,-4.8466778299815765,-0.04528891146119207,0.1511627906976744,0.09845691610611114,0.18604651162790697,378,0.05270587459156327
"Harrison, Kyle",690986,1198,92.54933222036728,-4.163811236346998,-3.0365240788247974,0.11352253756260434,0.09842589985900144,0.2654424040066778,379,0.015096637703602908
"Kelly, Michael",547184,150,95.06533333333333,-5.112543538338687,-0.3389371245705508,0.09333333333333334,0.09841283778602425,0.2,380,-0.005079504452690911
"Boyd, Matthew",571510,255,92.00039215686274,-4.603231506544017,0.29862743857350793,0.12156862745098039,0.09840198414623988,0.20784313725490197,381,0.02316664330474051
"Veneziano, Anthony",685107,114,94.7719298245614,-5.128173269903237,0.10951249864740298,0.12280701754385964,0.09839545399659841,0.22807017543859648,382,0.024411563547261234
"Canning, Griffin",656288,1079,93.43021316033364,-4.719862798374314,-0.7943680918740981,0.0639481000926784,0.09816557743233505,0.17330861909175163,383,-0.034217477339656646
"Long, Sam",669674,270,94.27925925925926,-4.893230749060781,-0.7820330626428849,0.11851851851851852,0.0981391829710338,0.1962962962962963,384,0.020379335547484723
"Myers, Tobias",668964,862,92.94431554524363,-4.627172466194768,-0.8072608370413477,0.10092807424593968,0.09799768666535812,0.21925754060324826,385,0.0029303875805815616
"Cimber, Adam",643256,131,85.006106870229,-2.845850390202418,-1.9781181392592835,0.061068702290076333,0.09792195649962553,0.13740458015267176,386,-0.03685325420954919
"Neris, Héctor",593576,467,92.95010706638115,-4.964528687531624,1.2039690786349997,0.09850107066381156,0.09786531332838666,0.22055674518201285,387,6.357573354248969e-4
"Kahnle, Tommy",592454,145,94.23172413793104,-5.052899265570476,0.145237610183937,0.09655172413793103,0.09773101457538533,0.1724137931034483,388,-0.0011792904374542945
"Bieber, Shane",669456,69,91.96666666666667,-4.770262611138014,1.175511837963331,0.07246376811594203,0.09767892584882289,0.10144927536231885,389,-0.025215157732880855
"Englert, Mason",669438,98,92.78571428571429,-4.791184443281199,0.2736691992899818,0.04081632653061224,0.09755666648871998,0.1326530612244898,390,-0.05674033995810774
"McGough, Scott",543518,289,93.0955017301038,-4.956821777867339,0.8984265445381574,0.07958477508650519,0.09753799446598921,0.19377162629757785,391,-0.01795321937948402
"Criswell, Jeff",676105,143,95.37622377622378,-4.7417179036593025,-3.229820213411836,0.14685314685314685,0.09737906505089367,0.1048951048951049,392,0.049474081802253184
"Eovaldi, Nathan",543135,980,95.42285714285714,-4.748331173286616,-3.3092285784873514,0.08979591836734693,0.0971267197086372,0.20408163265306123,393,-0.007330801341290272
"López, Jorge",605347,160,95.6125,-5.0229102885704915,-1.9122678304326026,0.0875,0.09696056228368871,0.18125,394,-0.009460562283688717
"Fulmer, Carson",608334,344,93.12441860465117,-5.030734185285497,1.1287435779665316,0.08430232558139535,0.09679884045436721,0.13372093023255813,395,-0.012496514872971862
"Howard, Spencer",675921,274,93.8441605839416,-4.9461745307084275,-0.2826945922665267,0.10218978102189781,0.09671951606001444,0.24452554744525548,396,0.005470264961883367
"Law, Derek",571882,186,95.1268817204301,-5.105412966445846,-0.97026577379469,0.0967741935483871,0.09635044787153436,0.3172043010752688,397,4.237456768527298e-4
"Quintana, Jose",500779,635,90.69275590551182,-4.452528277443531,0.4258608584358967,0.07559055118110236,0.09618722668319735,0.2283464566929134,398,-0.020596675502094985
"Feyereisen, J.P.",656420,85,91.70235294117647,-4.906983594135614,1.9477853406026604,0.09411764705882353,0.09614580005952367,0.29411764705882354,399,-0.002028153000700139
"Meyer, Max",676974,381,94.05144356955381,-5.008317152831987,-0.31887535498398023,0.06561679790026247,0.09607100451996149,0.17060367454068243,400,-0.030454206619699026
"Martinez, Nick",607259,477,92.55429769392033,-4.7131017545679885,-0.31546294585479373,0.11530398322851153,0.0959622923114297,0.27672955974842767,401,0.019341690917081822
"Gómez, Yoendrys",672782,77,92.3961038961039,-4.828991746750638,0.5475596022162037,0.1038961038961039,0.09582357098131773,0.23376623376623376,402,0.00807253291478617
"Luzardo, Jesús",666200,427,95.1847775175644,-5.166944050086432,-0.8672337219024477,0.05152224824355972,0.09554426697835583,0.19672131147540983,403,-0.04402201873479611
"Jackson, Luke",592426,291,94.68797250859106,-5.189774183118962,-0.12856346001797192,0.09621993127147767,0.09552060062595827,0.1958762886597938,404,6.993306455193998e-4
"Hall, DL",669084,354,93.33700564971751,-4.786750059541199,-0.9965675158197254,0.05649717514124294,0.0952603894843479,0.2457627118644068,405,-0.03876321434310496
"Kelly, Merrill",518876,224,91.92098214285714,-4.942619286066259,1.6286903749334947,0.08482142857142858,0.09506339837775422,0.11160714285714286,406,-0.010241969806325649
"Liberatore, Matthew",669461,384,94.73854166666666,-5.166829699926051,-0.5168534784646646,0.08333333333333333,0.09476821059912408,0.22395833333333334,407,-0.011434877265790747
"Littell, Zack",641793,547,92.41371115173675,-4.87344300956935,0.5216233060858855,0.09323583180987204,0.09471887873916433,0.27787934186471663,408,-0.0014830469292922976
"Honeywell Jr., Brent",641703,293,94.76587030716723,-5.173120802726921,-0.5678297044665435,0.05802047781569966,0.09454342063188648,0.18430034129692832,409,-0.036522942816186815
"Ferrer, Jose A.",678606,79,98.29746835443038,-5.228001540424717,-4.549874555529218,0.1518987341772152,0.09450427180999363,0.21518987341772153,410,0.057394462367221566
"Alexander, Tyler",641302,372,89.60725806451613,-4.628682493714526,2.3900227966408565,0.13440860215053763,0.09445657018197455,0.271505376344086,411,0.039952031968563076
"Pivetta, Nick",601713,1160,93.93318965517241,-5.281665799867353,1.0251342497562916,0.11293103448275862,0.0942125620622466,0.2637931034482759,412,0.018718472420512028
"Germán, Domingo",593334,149,90.71140939597315,-4.874096047692125,2.474128614472285,0.040268456375838924,0.09420806127111649,0.11409395973154363,413,-0.05393960489527756
"Richards, Trevor",670950,549,92.291985428051,-5.011932512613887,1.3304312299076528,0.07103825136612021,0.09398845101822108,0.20036429872495445,414,-0.022950199652100864
"Adon, Joan",672851,66,94.71212121212122,-5.098156091983664,-1.1433009522534618,0.030303030303030304,0.09379876012890814,0.2727272727272727,415,-0.06349572982587784
"Hudson, Bryan",663542,483,91.34368530020704,-4.766354067401342,0.9000402243152674,0.09316770186335403,0.09361270124188821,0.20082815734989648,416,-4.449993785341777e-4
"Sánchez, Sixto",664350,185,93.836216216216215,-5.145433289141724,0.14196312745521666,0.043243243243243246,0.09351664103888171,0.25405405405405407,417,-0.05027339779563847
"Devenski, Chris",606965,165,93.02060606060606,-5.111118266454828,0.8586257503201402,0.08484848484848485,0.0932386093222097,0.2787878787878788,418,-0.00839012447372485
"Abbott, Andrew",671096,1249,92.7863090472378,-4.825848505906812,-0.5990397755295938,0.09047237790232186,0.09320312819929336,0.19295436349079265,419,-0.002730750296971493
"Fairbanks, Pete",664126,363,97.33774104683195,-5.875953642481261,0.19315413623611732,0.08264462809917356,0.09302918748754965,0.15151515151515152,420,-0.010384559388376097
"Okert, Steven",595345,146,92.95479452054795,-4.961788902746093,-0.023529147686593532,0.03424657534246575,0.09301973177537814,0.21232876712328766,421,-0.05877315643291239
"Lynn, Lance",458681,963,92.25981308411215,-4.814428566911992,-0.13145036891626916,0.14641744548286603,0.09278126837244204,0.20145379023883697,422,0.053636177110423996
"Peralta, Wandy",593974,53,95.42641509433962,-5.103955329017554,-2.2808713558669833,0.07547169811320754,0.09258484026306597,0.2641509433962264,423,-0.01711314214985843
"Holman, Grant",680880,155,94.35032258064516,-5.053292509435349,-1.3734145266699365,0.10967741935483871,0.09219660935810453,0.2064516129032258,424,0.01748080999673418
"Miller, Tyson",668338,442,89.58778280542987,-4.137130840019111,-1.142263208223003,0.14027149321266968,0.09217568229998808,0.2579185520361991,425,0.0480958109126816
"Beck, Tristan",663941,122,93.07622950819672,-4.958064063158468,-0.4359190133744413,0.09016393442622951,0.0920479855186539,0.21311475409836064,426,-0.0018840510924243853
"Means, John",607644,120,90.45,-4.978694811420025,2.852681674647105,0.1,0.09189140806070394,0.25833333333333336,427,0.00810859193929607
"Wells, Tyler",669330,89,92.54719101123595,-5.25520005996949,1.9606737547210606,0.11235955056179775,0.09182637478944275,0.2247191011235955,428,0.020533175772355
"Martin, Chris",455119,202,94.71732673267327,-5.261481763487801,-0.6895459136195896,0.09900990099009901,0.0916558248395972,0.19306930693069307,429,0.00735407615050182
"Daniel, Davis",669721,244,91.54098360655738,-4.642414347278446,-0.5983334210576565,0.06557377049180328,0.09158529944606014,0.19262295081967212,430,-0.02601152895425686
"Sammons, Bryan",676614,147,91.4625850340136,-4.818658162618991,0.5333295108280005,0.12244897959183673,0.09144242051409435,0.16326530612244897,431,0.031006559077742385
"Peterson, David",656849,496,93.11955645161291,-4.852143502485885,-1.284165116317908,0.14516129032258066,0.09143925815272014,0.2963709677419355,432,0.05372203216986052
"McCaughan, Darren",670766,139,89.43237410071943,-4.4463022610665615,0.6961200598597195,0.07913669064748201,0.09124709306064119,0.2302158273381295,433,-0.01211040241315918
"Brito, Jhony",666745,165,96.3460606060606,-4.975411753136954,-4.549556425968321,0.06666666666666667,0.09111401084064387,0.20606060606060606,434,-0.024447344173977203
"Falter, Bailey",663559,1048,91.85028625954199,-4.643718687660557,-1.0951117732859643,0.08587786259541985,0.09107231037050609,0.22519083969465647,435,-0.005194447775086236
"Beeks, Jalen",656222,660,94.51984848484848,-5.083784705561278,-1.9809654611686263,0.08333333333333333,0.08983939745699066,0.20303030303030303,436,-0.006506064123657326
"Houser, Adrian",605288,190,93.5678947368421,-5.215335591149195,-0.04174991100409109,0.08421052631578947,0.08975357875143197,0.20526315789473684,437,-0.005543052435642501
"Cosgrove, Tom",676680,74,90.25135135135135,-4.345786904861592,-1.2877537417203193,0.13513513513513514,0.08974268938471049,0.24324324324324326,438,0.045392445750424656
"Burr, Ryan",621114,225,94.088,-5.206734363324455,-0.8315796833328726,0.09777777777777778,0.08933790887217782,0.17777777777777778,439,0.00843986890559996
"Banks, Tanner",621383,363,93.55179063360882,-5.206707961717507,-0.20442223920072067,0.1349862258953168,0.08923147809739854,0.20385674931129477,440,0.04575474779791827
"Poteet, Cody",547001,109,93.34954128440367,-5.447925329435679,1.4987018988952574,0.07339449541284404,0.0891907145729603,0.12844036697247707,441,-0.015796219160116254
"Paddack, Chris",663978,626,93.27923322683706,-5.124466879278216,-0.45216433319231797,0.12140575079872204,0.08890974042609923,0.2763578274760383,442,0.03249601037262281
"Little, Luke",681432,317,95.80094637223975,-5.157235022434682,-3.3461615697120095,0.07255520504731862,0.08883508041778204,0.2082018927444795,443,-0.016279875370463423
"Allen, Logan",671106,806,91.19863523573201,-4.6177946000323065,-1.0166800654249286,0.06575682382133995,0.08882673992685192,0.19478908188585609,444,-0.02306991610551197
"Shuster, Jared",694363,484,92.52685950413223,-4.849609525266255,-1.2658451819323258,0.07851239669421488,0.0886691790753205,0.18181818181818182,445,-0.010156782381105622
"Moore, Matt",519043,427,92.72459016393442,-5.182054449066875,0.4854607677720537,0.1053864168618267,0.08855274842495822,0.21779859484777517,446,0.016833668436868482
"Matzek, Tyler",554431,120,93.57000000000001,-5.393547553085714,0.6886166738799133,0.06666666666666667,0.08834371422344484,0.14166666666666666,447,-0.02167704755677817
"Lee, Dylan",669276,285,92.37789473684211,-5.348136159786536,1.8459213955848384,0.09824561403508772,0.08826293950446887,0.23508771929824562,448,0.009982674530618851
"Morton, Charlie",450203,806,94.12382133995037,-4.998895019451566,-2.4422751414586585,0.08933002481389578,0.08811838715898535,0.20719602977667495,449,0.001211637654910433
"Woods Richardson, Simeon",680573,924,93.0724025974026,-5.2107856016267435,0.06879462505867551,0.11147186147186147,0.08788014978817146,0.22077922077922077,450,0.02359171168369001
"Priester, Quinn",682990,118,93.05593220338983,-5.0462616152744415,-0.9291387220407703,0.09322033898305085,0.08780911495195982,0.17796610169491525,451,0.005411224031091025
"Eflin, Zach",621107,221,92.4158371040724,-4.9497830619098515,-0.7625270803077058,0.13122171945701358,0.08769963961818497,0.2171945701357466,452,0.04352207983882861
"Chirinos, Yonny",630023,85,93.0164705882353,-4.977273755812573,-1.3297939795899207,0.15294117647058825,0.08769128169946667,0.24705882352941178,453,0.06524989477112157
"Waldron, Matt",663362,465,90.62430107526882,-4.758291700155398,0.23742263520716378,0.11397849462365592,0.08761877153815084,0.16559139784946236,454,0.026359723085505077
"Harris, Hogan",663687,683,92.85226939970717,-5.003171173460584,-1.010418062461273,0.07613469985358712,0.0875373090549771,0.23133235724743778,455,-0.011402609201389982
"Sandoval, Patrick",663776,231,93.6891774891775,-5.065414889827846,-1.6780393664596467,0.06926406926406926,0.0874341502451713,0.20346320346320346,456,-0.018170080981102038
"Parker, Mitchell",680730,1168,92.46678082191781,-5.024824127028473,-0.43954670016002595,0.0642123287671233,0.08741346112264481,0.2303082191780822,457,-0.023201132355521514
"Lively, Ben",594902,754,89.89681697612733,-4.480556644591505,-0.6361957562810243,0.0649867374005305,0.0873295864092574,0.21220159151193635,458,-0.022342849008726906
"Brewer, Colten",605155,158,94.31518987341772,-5.301720537657345,-1.0775900289477303,0.06329113924050633,0.08714035881377488,0.22784810126582278,459,-0.02384921957326855
"Bradish, Kyle",680694,88,94.48863636363636,-5.297496663547134,-1.364230118165647,0.06818181818181818,0.08694141507785044,0.22727272727272727,460,-0.018759596896032266
"Dana, Caden",702674,108,93.72037037037038,-5.346077930077695,-0.16020141994106396,0.08333333333333333,0.08682848115082384,0.17592592592592593,461,-0.00349514781749051
"Kinley, Tyler",641755,398,95.85,-5.650115050840755,-0.9345779279059165,0.05025125628140704,0.08672236381261036,0.1457286432160804,462,-0.03647110753120333
"Rodriguez, Yariel",684320,614,93.87752442996742,-5.100754872862273,-1.988446990793241,0.08794788273615635,0.08624544969822347,0.21498371335504887,463,0.0017024330379328823
"Blewett, Scott",656240,129,93.64108527131783,-5.277724556228171,-0.6642948503580364,0.09302325581395349,0.0860839963650615,0.27906976744186046,464,0.006939259448891982
"Holton, Tyler",663947,204,92.05245098039215,-5.23077950052818,0.9812222609381394,0.12745098039215685,0.08605974867224553,0.14705882352941177,465,0.041391231719911326
"Hentges, Sam",656529,108,95.01666666666667,-5.547963653944974,-0.7491957576943875,0.12037037037037036,0.08587970052600732,0.24074074074074073,466,0.03449066984436304
"Milner, Hoby",571948,223,88.80134529147982,-4.039726851106495,-2.368844975981207,0.13004484304932734,0.08576961715795116,0.34080717488789236,467,0.04427522589137618
"Stratton, Chris",608717,380,91.77447368421052,-5.153313979514525,0.7097338682925809,0.07894736842105263,0.08549920958892399,0.2236842105263158,468,-0.006551841167871358
"Paxton, James",572020,941,93.18575982996812,-4.905359258870243,-2.5832916228881686,0.07226354941551541,0.08523927512407582,0.3018065887353879,469,-0.012975725708560412
"Waguespack, Jacob",621097,86,93.59186046511628,-5.042572223179909,-2.2886765037265846,0.13953488372093023,0.08506024422428,0.26744186046511625,470,0.054474639496650226
"Allard, Kolby",663465,175,90.03371428571428,-4.670343377573674,-0.21878336558109623,0.06857142857142857,0.08503923213918815,0.16,471,-0.01646780356775958
"Curry, Xzavion",675540,316,92.07278481012658,-4.943344277464395,-1.0991287290561331,0.08544303797468354,0.0848218297493712,0.21835443037974683,472,6.212082253123363e-4
"Vines, Darius",670241,97,90.848453608247425,-5.04971692508939,1.0017699883478954,0.010309278350515464,0.08466632926081338,0.2268041237113402,473,-0.07435705091029791
"Diekman, Jake",518617,384,94.55703125,-5.291906002898114,-2.0857700953515064,0.11197916666666667,0.08451221988317764,0.15104166666666666,474,0.02746694678348903
"Musgrove, Joe",605397,389,92.95115681233933,-5.322952627889016,-0.022923647675220593,0.11825192802056556,0.08417474731124144,0.2802056555269923,475,0.03407718070932411
"Springs, Jeffrey",605488,239,89.84267782426778,-4.718894463979358,0.07854742892822486,0.07531380753138076,0.08411123276596985,0.2217573221757322,476,-0.008797425234589096
"Bielak, Brandon",656232,117,91.92307692307692,-5.1847814720108785,0.3746199892906201,0.042735042735042736,0.0841109998290557,0.26495726495726496,477,-0.04137595709401297
"Herget, Kevin",643361,71,92.91549295774648,-5.273907187780365,-0.3241628854409804,0.09859154929577464,0.08398772169364094,0.16901408450704225,478,0.014603827602133704
"Lazar, Max",676661,131,93.4412213740458,-5.09558529586284,-2.1157632680264378,0.09923664122137404,0.08372094769214598,0.183206106870229,479,0.015515693529228061
"Gonzales, Marco",594835,172,89.72267441860465,-4.607831387756516,-0.6009386127679228,0.06395348837209303,0.08350605537167954,0.20930232558139536,480,-0.019552566999586518
"Taillon, Jameson",592791,735,92.26857142857143,-5.176787710501561,-0.3426346623114611,0.06938775510204082,0.08311626278986012,0.2163265306122449,481,-0.013728507687819302
"Wentz, Joey",666214,447,93.66778523489933,-5.492553527501291,-0.1593355921826145,0.08501118568232663,0.08299318808408906,0.20134228187919462,482,0.002017997598237564
"Lambert, Peter",663567,399,94.53659147869674,-5.2842993149906965,-2.4965483667608623,0.05513784461152882,0.08294631608016725,0.17293233082706766,483,-0.027808471468638435
"Anderson, Nick",623433,129,94.68062015503875,-5.448925140999258,-1.6830383483472495,0.09302325581395349,0.08289868212720525,0.20155038759689922,484,0.01012457368674824
"Blackburn, Paul",621112,236,91.92754237288136,-5.160631184573398,-0.1392503924161872,0.046610169491525424,0.08265713056372781,0.16101694915254236,485,-0.036046961072202385
"Rodriguez, Eduardo",593958,381,91.97847769028871,-5.200268054669659,0.006152273404445907,0.12598425196850394,0.08252245129951896,0.1889763779527559,486,0.04346180066898497
"Cantillo, Joey",676282,347,92.20172910662824,-4.966477481982943,-1.7342316248020673,0.0893371757925072,0.0823347953268315,0.1844380403458213,487,0.007002380465675709
"Freeland, Kyle",607536,358,91.58324022346369,-5.255699743761035,0.7229645809956704,0.0335195530726257,0.08211180213269342,0.21508379888268156,488,-0.048592249060067726
"Maeda, Kenta",628317,441,90.78571428571429,-5.065191026856923,0.531104035454776,0.05215419501133787,0.0820879852905149,0.14285714285714285,489,-0.029933790279177037
"Lynch IV, Daniel",663738,225,92.95511111111111,-5.315029339244432,-0.6629895215365877,0.06222222222222222,0.08181425231682427,0.16444444444444445,490,-0.019592030094602045
"Lodolo, Nick",666157,801,94.14132334581772,-5.145908512491131,-3.1408558437969276,0.09987515605493133,0.0818012003396843,0.2009987515605493,491,0.01807395571524703
"Avila, Pedro",658648,556,93.39622302158273,-5.285793368449778,-1.505771817959026,0.08453237410071943,0.08130287605411499,0.16906474820143885,492,0.00322949804660444
"Gray, Sonny",543243,594,92.36313131313132,-5.100533635154422,-1.3893502635094244,0.08249158249158249,0.08123542095887366,0.20707070707070707,493,0.0012561615327088271
"Garrett, Braxton",666129,83,90.69518072289156,-5.012518288302783,0.027680483304385106,0.08433734939759036,0.08090769464593878,0.1927710843373494,494,0.0034296547516515785
"Olson, Reese",681857,440,94.15840909090909,-5.5404552435071945,-1.000043199034181,0.045454545454545456,0.08084705440306356,0.125,495,-0.0353925089485181
"Wacha, Michael",608379,615,93.57967479674797,-5.517293000612637,-0.46912100125862466,0.08455284552845528,0.08071081730641785,0.2048780487804878,496,0.0038420282220374274
"Verlander, Justin",434378,769,93.46371911573472,-5.708035939156912,0.7932134630374321,0.10663198959687907,0.08055475238726428,0.24967490247074123,497,0.026077237209614787
"Duffey, Tyler",608648,53,90.78867924528302,-5.149807265901484,0.6212320660701902,0.09433962264150944,0.08039624535721687,0.20754716981132076,498,0.013943377284292569
"Bush, Ky",681066,167,91.68323353293412,-5.308107822959723,0.43579865829420683,0.0718562874251497,0.08016612558720929,0.12574850299401197,499,-0.008309838162059588
"Assad, Javier",665871,402,91.49477611940299,-5.020544819673128,-1.1682152453497423,0.08706467661691543,0.07982299712945685,0.21641791044776118,500,0.007241679487458574
"Walker, Taijuan",592836,181,91.48839779005525,-5.28988914409613,0.44158316929333097,0.0718232044198895,0.07967960702393712,0.20994475138121546,501,-0.007856402604047616
"Aldegheri, Sam",691951,126,92.18095238095238,-5.394233618486862,0.19264964775026172,0.09523809523809523,0.07952296050471017,0.20634920634920634,502,0.015715134733385067
"Espino, Paolo",502179,52,88.19423076923077,-4.821246800854559,1.5438605849040918,0.019230769230769232,0.07941922448812608,0.17307692307692307,503,-0.060188455257356846
"Walston, Blake",686796,112,91.48571428571428,-5.2284156804803645,-0.08532046779131974,0.09821428571428571,0.07905074776497731,0.19642857142857142,504,0.019163537949308404
"Wesneski, Hayden",669713,392,94.57142857142857,-5.297410905860014,-3.5364729680956124,0.0663265306122449,0.07861521351496492,0.18112244897959184,505,-0.012288682902720019
"Coulombe, Danny",543056,71,90.7549295774648,-5.072352787104298,-0.2930751000767149,0.04225352112676056,0.07844810421963333,0.22535211267605634,506,-0.03619458309287277
"Henry, Tommy",674072,228,89.83201754385965,-4.887108147718166,-0.3306797572730069,0.06140350877192982,0.07830112381675851,0.2324561403508772,507,-0.016897615044828687
"McGreevy, Michael",700241,61,92.95573770491804,-5.212135907594714,-2.215577665308267,0.14754098360655737,0.07809015213762663,0.18032786885245902,508,0.06945083146893075
"Allen, Logan",663531,88,91.3340909090909,-5.127824491516888,-0.775136593249055,0.056818181818181816,0.07799300600279879,0.26136363636363635,509,-0.021174824184616976
"Irvin, Cole",608344,466,91.90021459227468,-5.220880353024509,-0.9868469754208107,0.0815450643776824,0.077642180255307,0.26180257510729615,510,0.003902884122375397
"Waldrep, Hurston",694462,53,95.76037735849057,-5.673160952102546,-3.030779130820992,0.018867924528301886,0.07729113637752302,0.20754716981132076,511,-0.05842321184922114
"Molina, Anthony",683627,506,94.76778656126483,-5.511827788903625,-2.9501821185738564,0.07312252964426877,0.07669324553019888,0.16205533596837945,512,-0.003570715885930109
"Fried, Max",608331,905,93.87668508287292,-5.392925230398295,-2.651336880747918,0.08950276243093923,0.07643311421291166,0.2154696132596685,513,0.013069648218027571
"Pérez, Martín",527048,116,91.29741379310344,-4.89684613517271,-2.556987442795796,0.017241379310344827,0.07629557060771368,0.13793103448275862,514,-0.05905419129736885
"Jiménez, Dany",666204,169,92.4733727810651,-5.316768307407558,-1.4461396925497887,0.04142011834319527,0.07626112053436188,0.15384615384615385,515,-0.034841002191166606
"Kilian, Caleb",668873,76,93.6328947368421,-5.576813578387808,-1.399709873886696,0.039473684210526314,0.0757748669227904,0.13157894736842105,516,-0.03630118271226408
"Thorpe, Drew",689672,232,90.99137931034483,-5.206938826980011,-0.540166278174258,0.03017241379310345,0.07532348312716852,0.20689655172413793,517,-0.04515106933406507
"Keller, Brad",641745,280,93.80321428571429,-5.722640671699099,-0.8405873277269968,0.06428571428571428,0.07529286262098572,0.16428571428571428,518,-0.011007148335271444
"Poche, Colin",621363,370,91.16594594594595,-5.1895466268139705,-0.9402563336054186,0.07567567567567568,0.0749958035305325,0.1864864864864865,519,6.798721451431733e-4
"Barlow, Scott",605130,209,91.42918660287081,-5.062230734960702,-2.105686026662191,0.07177033492822966,0.07471292855006731,0.17703349282296652,520,-0.002942593621837644
"Toussaint, Touki",657053,57,91.57368421052631,-5.076563003324531,-2.2994006524485044,0.05263157894736842,0.07429204623176888,0.10526315789473684,521,-0.021660467284400464
"Blalock, Bradley",687134,261,93.47662835249042,-5.376838442131612,-2.864424772680838,0.07279693486590039,0.07400833720480096,0.21455938697318008,522,-0.0012114023389005746
"McKenzie, Triston",663474,683,91.10161054172767,-5.576574406789555,1.1898710238655426,0.043923865300146414,0.07378334809568143,0.15666178623718888,523,-0.02985948279553502
"Lopez, Jacob",682052,75,90.62133333333334,-5.026115374484047,-1.7040158350023304,0.04,0.07325041261520318,0.13333333333333333,524,-0.03325041261520318
"O'Loughlin, Jack",672552,89,91.83483146067415,-5.43379660959899,-0.7684667330478625,0.033707865168539325,0.07299441584922786,0.16853932584269662,525,-0.03928655068068854
"Díaz, Jhonathan",646242,52,90.2173076923077,-5.07938352222705,-1.0609136485548412,0.057692307692307696,0.07255319817760975,0.3076923076923077,526,-0.01486089048530205
"Floro, Dylan",571670,161,89.76894409937888,-5.054787102681317,-0.679401669660546,0.09316770186335403,0.07249041327626643,0.2919254658385093,527,0.020677288587087603
"Thompson, Zack",668868,114,90.66929824561403,-4.844309187492925,-3.0860651223770716,0.09649122807017543,0.07237332037237763,0.19298245614035087,528,0.0241179076977978
"Montgomery, Jordan",656756,334,92.08323353293413,-5.613308425285141,-0.17227026035682869,0.10479041916167664,0.07222076706381467,0.19760479041916168,529,0.03256965209786197
"Stripling, Ross",548389,411,91.65717761557178,-5.528073692400166,-0.2996679420410757,0.072992700729927,0.07170357489569565,0.23114355231143552,530,0.0012891258342313527
"Gibson, Kyle",502043,366,91.39480874316939,-5.56085237197097,0.2149885380833787,0.01912568306010929,0.07168529297570927,0.1448087431693989,531,-0.052559609915599985
"Kershaw, Clayton",477132,177,89.92711864406779,-5.244265876112577,0.0781583076593364,0.03389830508474576,0.07167956968325395,0.21468926553672316,532,-0.03778126459850819
"Smith, Will",519293,195,91.19589743589744,-5.625312999826362,0.8399321001812012,0.05128205128205128,0.07164700743153629,0.20512820512820512,533,-0.02036495614948501
"Suárez, Ranger",624133,459,91.84945533769063,-5.260663289259015,-2.2996621761295,0.07625272331154684,0.07114214977126579,0.19172113289760348,534,0.005110573540281049
"Steele, Justin",657006,1218,91.57651888341543,-5.543738788423141,-0.282223572507597,0.11412151067323481,0.07099531303369186,0.21428571428571427,535,0.04312619763954295
"Williamson, Brandon",682227,64,92.65625,-5.6395592474987755,-1.0161255228052717,0.078125,0.07099521837530587,0.328125,536,0.0071297816246941315
"Muller, Kyle",666205,387,92.59689922480621,-5.869049938882987,0.4063940484895969,0.11886304909560723,0.07081344351931693,0.24806201550387597,537,0.0480496055762903
"Anderson, Tyler",542881,1153,89.45455333911535,-5.25233393470613,0.48741842545296876,0.08586296617519515,0.07081113829703048,0.23850823937554205,538,0.01505182787816467
"Elder, Bryce",693821,110,91.48818181818181,-5.422261456594766,-1.0357161688719287,0.14545454545454545,0.0705024163831797,0.20909090909090908,539,0.07495212907136575
"Barnes, Matt",598264,93,91.37849462365591,-5.492505900074276,-0.4966288940571566,0.0967741935483871,0.07041493838409935,0.16129032258064516,540,0.026359255164287748
"Mikolas, Miles",571945,753,93.17131474103586,-5.64728977422624,-1.7575399860879717,0.09561752988047809,0.07035023422596945,0.23904382470119523,541,0.025267295654508637
"Brooks, Aaron",605156,113,92.1070796460177,-5.36105380511641,-2.2589310676369188,0.08849557522123894,0.07011461525666696,0.18584070796460178,542,0.01838095996457198
"Stroman, Marcus",573186,84,89.89047619047619,-5.100206994137069,-1.3005416249998447,0.08333333333333333,0.0694783270566997,0.14285714285714285,543,0.013855006276633622
"Williams, Trevor",592866,387,88.8875968992248,-5.0242691573042135,-0.652784086588003,0.10335917312661498,0.06902273382740522,0.20671834625322996,544,0.034336439299209764
"Anderson, Shaun",641312,74,91.27027027027027,-5.6197924317037735,0.003923070568067288,0.08108108108108109,0.06878514661542667,0.1891891891891892,545,0.012295934465654412
"Gordon, Tanner",685299,296,92.0483108108108,-5.407452027860707,-2.454919759143529,0.06418918918918919,0.06790414246948592,0.22297297297297297,546,-0.003714953280296737
"Corbin, Patrick",571578,219,91.32876712328768,-5.573139325168252,-0.7216292603898733,0.0547945205479452,0.06729517163177776,0.2054794520547945,547,-0.012500651083832554
"Beede, Tyler",595881,78,93.71794871794872,-5.408733640343789,-4.851059692449297,0.0641025641025641,0.06642375563097594,0.08974358974358974,548,-0.0023211915284118423
"Bradford, Cody",674003,614,89.78061889250814,-5.332492207634007,-0.8708038110656702,0.10749185667752444,0.06498883374713896,0.23127035830618892,549,0.04250302293038548
"Rosenberg, Kenny",670046,196,90.23724489795919,-5.5859756863097445,0.1109031956525186,0.08163265306122448,0.064977637339931,0.1377551020408163,550,0.01665501572129348
"Basso, Brady",669620,164,92.15548780487805,-5.735223129147694,-1.3246500142482667,0.08536585365853659,0.06496096577764163,0.1951219512195122,551,0.020404887880894965
"Bellozo, Valente",678368,409,89.19290953545233,-5.317927186672237,-0.3061679000010038,0.06356968215158924,0.06473397168592607,0.25183374083129584,552,-0.0011642895343368237
"Turnbull, Spencer",605513,319,91.96112852664577,-5.644511679082647,-1.7115246753302316,0.07836990595611286,0.06467024737497043,0.1724137931034483,553,0.01369965858114243
"Plesac, Zach",668676,92,90.24673913043479,-5.4466288714531865,-0.8721509136016152,0.03260869565217391,0.06447819909152652,0.2391304347826087,554,-0.03186950343935261
"Gallegos, Giovanny",606149,177,92.24858757062147,-5.73394743075339,-1.6104991492723535,0.02824858757062147,0.064299227640954415,0.21468926553672316,555,-0.03605064007033294
"Chafin, Andrew",605177,161,91.68757763975155,-5.676869662025797,-1.2867465030009448,0.08074534161490683,0.06424604676251144,0.14285714285714285,556,0.016499294852395388
"Senzatela, Antonio",622608,127,94.6740157480315,-5.797593646515712,-4.331219251175362,0.07874015748031496,0.06369435228185852,0.2047244094488189,557,0.015045805198456441
"Bermudez, Jonathan",642834,60,89.07666666666667,-5.069823928611069,-2.0192547806394874,0.05,0.0633416160003759,0.15,558,-0.013341616000375894
"Phillips, Tyler",663969,108,92.65833333333333,-5.798342802560456,-2.6729502886718315,0.1388888888888889,0.060461770157282796,0.18518518518518517,559,0.0784271187316061
"Flexen, Chris",623167,1034,91.31121856866538,-5.789463555989352,-1.742899621637715,0.05705996131528046,0.05781419354013434,0.1702127659574468,560,-7.542322248538791e-4
"Hendricks, Kyle",543294,271,87.70405904059041,-5.223015043553844,-1.3330063692228347,0.06642066420664207,0.05562654633781805,0.14391143911439114,561,0.010794117868824019
"Peralta, Sammy",671111,131,88.73129770992367,-4.967433760661223,-4.851504870380076,0.04580152671755725,0.05276368958177334,0.183206106870229,562,-0.0069621628642160885
"Carrasco, Carlos",471911,440,91.60068181818181,-5.899361576712453,-3.007939012438321,0.0659090909090909,0.05146005220942981,0.13863636363636364,563,0.01444903869966109
"Gomber, Austin",596295,1057,90.40274361400189,-5.896060388122393,-1.5678044766104904,0.04068117313150426,0.051458394517109235,0.18448438978240303,564,-0.010777221385604975
"Rogers, Josh",642028,59,89.56101694915255,-5.785400821509169,-1.5478045924082249,0,0.05011761580271129,0.1864406779661017,565,-0.05011761580271129
"Pallante, Andre",669467,989,94.49251769464105,-6.07403770888201,-5.829080899569153,0.07583417593528817,0.05002354303930248,0.14256825075834176,566,0.02581063289598569
"Tyler, Kyle",667725,83,90.61325301204819,-5.657145906045477,-4.046505169202666,0.08433734939759036,0.048364903212139654,0.08433734939759036,567,0.0359724461854507
"Yarbrough, Ryan",642232,326,86.50828220858895,-5.164815861984383,-2.584742671963406,0.06441717791411043,0.046154094959419634,0.2791411042944785,568,0.0182630829546908
"Hudson, Dakota",641712,231,89.94761904761904,-6.0783682093796,-6.047199495195649,0.030303030303030304,0.026759346255501415,0.21645021645021645,569,0.003543684047528889
"Suter, Brent",608718,438,85.84452054794521,-5.945656950764122,-1.863154233842522,0.08904109589041095,0.026711696286907977,0.2534246575342466,570,0.06232939960350298
"Blach, Ty",621389,391,89.06521739130434,-6.237443619350874,-7.330546558098476,0.03324808184143223,0.0133842702922643,0.14578005115089515,571,0.01986381154916793
