"pitcher","pitcher_name","year","pitch_hand","n_pitches","team_id","ball_angle","relative_release_ball_x","release_ball_z","relative_shoulder_x","shoulder_z"
669952,"White, Mitch",2024,"R",413,158,41,-1.7235044282308152,6.002529525367634,0.04459466125433225,4.467224838687399
680704,"Sandlin, Nick",2024,"R",1003,114,12,-2.4905150360234143,4.490090014645832,-0.4727489445211606,4.068595092085597
642048,"Saucedo, Tayler",2024,"L",626,136,22,2.5858257857127933,5.2670927957161435,0.3115446763253664,4.352500999897487
579328,"Kikuchi, Yusei",2024,"L",2923,117,42,1.6505279990389496,5.4267733232588835,0.04728330729362003,3.990787510176526
656641,"Latz, Jacob",2024,"L",813,140,51,1.16457391456112,5.936046782091346,-0.2733281209095511,4.187472351691431
681217,"Silseth, Chase",2024,"R",167,108,33,-2.018554236886942,5.895949747496779,-0.11420434958959086,4.636639085465432
641793,"Littell, Zack",2024,"R",2467,139,42,-1.9370185211283912,6.1458925887386355,-0.2355123966843619,4.638212079882249
663554,"Mize, Casey",2024,"R",1788,116,43,-1.6622942337749904,5.647905894440909,-0.07558678324899205,4.15271992008518
668674,"Erceg, Lucas",2024,"R",979,118,42,-1.6032738366812793,6.017103941900592,0.11445648639249542,4.444287907920152
685314,"Saalfrank, Andrew",2024,"L",26,109,48,1.515122054867133,6.246068503951792,-0.07172519539284243,4.465498035787742
687362,"Gillispie, Connor",2024,"R",138,114,39,-2.157761375592867,5.356551985263951,-0.3774969503216306,3.938687333049162
573186,"Stroman, Marcus",2024,"R",2580,147,33,-1.9203263742824364,5.226214485023463,-0.18848170974450365,4.121374270440386
682243,"Miller, Bryce",2024,"R",2749,136,43,-1.5842593208678202,5.567888833810526,0.16610178314720161,3.931086294092358
668676,"Plesac, Zach",2024,"R",208,108,57,-0.9771572816824432,6.310690818880463,0.2998375428493077,4.370700422922665
673540,"Senga, Kodai",2024,"R",73,121,44,-1.5184399176089034,5.849660162068878,0.07896524918809365,4.289396409298463
641540,"Dunning, Dane",2024,"R",1689,140,38,-1.8942707644314132,5.411309623700828,-0.06612274384214092,3.968746011414954
668933,"Ashcraft, Graham",2024,"R",1342,113,49,-1.45409179949284,6.296629317248523,0.11187623462201571,4.494224667601764
607237,"Garrett, Amir",2024,"L",104,108,40,1.9078603595280066,6.028820073755886,0.05426324986288224,4.47863501474016
624133,"Suárez, Ranger",2024,"L",2265,143,42,1.707449881454382,5.845603730525515,0.0005085696072528977,4.319290149803447
668678,"Gallen, Zac",2024,"R",2506,109,41,-1.4924126025437465,5.859176130465737,0.10813196257680341,4.4569338968294225
543238,"Gose, Anthony",2024,"L",79,114,48,1.3420677309776086,5.688458745111441,-0.11159122159796026,4.081074026941041
676614,"Sammons, Bryan",2024,"L",374,116,34,2.1722877148516346,5.53029956482981,0.1930565388868235,4.200147065019494
692230,"Rodriguez, Carlos",2024,"R",233,158,34,-1.94125079375672,5.676508382869529,-0.15029820293314355,4.447346980789974
663559,"Falter, Bailey",2024,"L",2138,134,56,0.8690682135897617,5.781541740669214,-0.3274092321442565,4.007623373336066
605447,"Romano, Jordan",2024,"R",215,141,50,-1.3328193281890521,6.060119642825921,0.1721622169713552,4.2486444198482785
808967,"Yamamoto, Yoshinobu",2024,"R",1421,119,46,-1.3542937233715435,5.515601363787921,0.035992423552493075,4.0745295180141
624647,"González, Victor",2024,"L",386,147,25,2.5163413937134886,4.941759146084367,0.31704363068354996,3.9211206838269934
630023,"Chirinos, Yonny",2024,"R",515,146,45,-1.5625910969429182,6.636014857556676,0.15782995950366024,4.932302019798209
622088,"Antone, Tejay",2024,"R",47,113,30,-2.462267280219024,5.859553116001128,-0.37343939583570374,4.650820006068191
689672,"Thorpe, Drew",2024,"R",721,145,52,-1.2325196254033455,6.12314311881733,0.2206526075390439,4.27330247700139
570632,"Ureña, José",2024,"R",1759,140,31,-2.228274243985928,5.668725980447127,-0.19093867124916009,4.428450890556235
571656,"Farmer, Buck",2024,"R",1169,113,30,-1.936669596962548,5.693239562587456,0.1290463335361362,4.512381790124868
676105,"Criswell, Jeff",2024,"R",354,115,33,-1.9432645980043286,5.429700843163672,0.15274498096619232,4.055453201254822
676617,"O'Brien, Riley",2024,"R",194,138,31,-2.1498550008482606,5.5334487551724285,-0.1497461014021353,4.316926375489278
663562,"Davis, Noah",2024,"R",365,115,32,-2.047670875014831,5.839966176094266,-0.15847351060972328,4.674537115718018
669194,"Nelson, Ryne",2024,"R",2406,109,48,-1.3013737489520318,6.072229599637436,0.2076048779566233,4.4188250699750835
676106,"Hancock, Emerson",2024,"R",1013,136,27,-2.099057783313882,5.568635955541922,-0.06295074512619372,4.511082102190242
643338,"Green, Chad",2024,"R",840,141,45,-1.6124984857835314,6.0932990487324235,0.06477915096341563,4.43371750838214
670219,"Kristofak, Zac",2024,"R",39,108,41,-1.46874878729432,5.287122267801889,0.03425494995200876,3.9959251999634353
543243,"Gray, Sonny",2024,"R",2483,138,49,-1.1868205827071767,5.513434873361763,0.2031972078942514,3.9224087957110134
664076,"Cleavinger, Garrett",2024,"L",1040,139,35,2.093840354210483,5.287303961909779,0.2420073922768408,3.9919834434560557
605452,"Ross, Joe",2024,"R",1210,158,35,-1.999955676551011,5.6878781077107154,-0.14541252522797252,4.403568998320591
668941,"Romero, JoJo",2024,"L",919,138,32,1.992623534844513,5.421833475105261,0.07813011798843586,4.227675486025852
598286,"Ramirez, Nick",2024,"L",194,119,29,2.3787122360663733,5.734853222404233,0.4049209392285497,4.633594156697354
670990,"Ramírez, Yohan",2024,"R",768,111,26,-2.4055927729857536,5.168813085582382,-0.4492123441445707,4.199304927723939
672782,"Gómez, Yoendrys",2024,"R",214,147,42,-1.6687226195525882,5.505713385635533,0.10579252836223701,3.92758163368151
682254,"Montgomery, Mason",2024,"L",158,139,53,1.1997040371765983,5.797241077521031,-0.13789190471355403,4.0451183177643895
593423,"Montas, Frankie",2024,"R",2692,158,43,-1.6668850071881343,5.939988328354198,0.03387694181346726,4.369489168474362
663567,"Lambert, Peter",2024,"R",1039,115,54,-1.1604147387975745,6.097838635815436,0.18678143997296176,4.264264220361344
664079,"Jay, Tyler",2024,"L",153,158,35,2.062595155968623,5.453313771833847,0.32296633171390954,4.238048894947165
665871,"Assad, Javier",2024,"R",2538,112,55,-1.0466034696142876,6.000083711460117,0.2229743061262042,4.20082770512102
668943,"Miller, Ryan",2024,"R",219,108,33,-2.0621631372058475,4.756562619309304,-0.12059257197274925,3.5052276866163643
669199,"Bachar, Lake",2024,"R",161,146,34,-2.013718827445503,5.609058186172617,-0.0604863697257559,4.267661583131277
669711,"Weissert, Greg",2024,"R",1028,111,16,-2.770719985955186,4.826787582857248,-0.5399130020738397,4.201374541015561
676879,"Ashby, Aaron",2024,"L",501,158,48,1.3085389798254323,6.504472049306397,-0.3556424777895189,4.681122181483733
663568,"Kolek, Stephen",2024,"R",784,135,35,-2.1046486322493494,5.373282319188269,-0.1384149180126596,3.9866161765842705
669456,"Bieber, Shane",2024,"R",166,114,42,-1.51225074066065,5.732712131292909,0.04536308549706849,4.318646917616991
622608,"Senzatela, Antonio",2024,"R",218,115,46,-1.7766216976135656,6.1635789606623925,-0.150741682202489,4.462466797494644
655889,"Rodríguez, Manuel",2024,"R",605,139,47,-1.5535368844746882,5.540382339388066,-0.008615722809033444,3.8976714081996424
656657,"Logue, Zach",2024,"L",43,119,21,2.4069745214515197,5.085799186662351,0.38586220826597023,4.293177660324171
664849,"Young, Danny",2024,"L",674,121,16,2.7006227156292018,5.143021170070665,0.39984872882252437,4.481758223313604
666129,"Garrett, Braxton",2024,"L",588,146,42,1.6996680543697098,5.817923522177701,-0.0025360830695914708,4.261065096038415
669713,"Wesneski, Hayden",2024,"R",1075,112,50,-1.5217672216403857,5.933275319695783,0.012400272768726926,4.127370946233882
687377,"Ribalta, Orlando",2024,"R",97,120,45,-1.789104392903951,6.627699373254598,-0.038827745006156156,4.904282804086957
615698,"Quantrill, Cal",2024,"R",2545,115,46,-1.5459790767581145,6.315315263226131,0.15818215045403783,4.568522694458743
622098,"Smith, Drew",2024,"R",318,121,41,-1.827848750733394,5.670377956077941,-0.14747309835312059,4.199654095337394
642834,"Bermudez, Jonathan",2024,"L",121,146,31,2.040786110486701,5.19766917555125,0.1914719251336898,4.108029956836227
669203,"Burnes, Corbin",2024,"R",3079,110,44,-1.5796195487289795,5.969420347553089,0.0663127381219103,4.398806258079726
669459,"Nelson, Kyle",2024,"L",145,109,42,1.384580962390507,5.806254327340742,-0.11825501444464932,4.431873702747556
665620,"García, Deivi",2024,"R",283,145,39,-1.8824403749381504,5.441458589733875,-0.20792684662043423,4.073718824600189
573204,"Thielbar, Caleb",2024,"L",887,142,54,0.9531353400729972,6.058851788319622,-0.3799081603554613,4.207973807743857
661269,"Gutierrez, Vladimir",2024,"R",80,146,42,-1.6744778669148965,5.216961665771589,0.11640258021390373,3.625465575980392
669461,"Liberatore, Matthew",2024,"L",1356,138,45,1.6033319899029148,6.4416003078244755,-0.0355255660456728,4.7895246884514036
686613,"Brown, Hunter",2024,"R",2988,117,57,-0.9734682019217971,6.256549467636415,0.21438892423526532,4.399001700175626
694037,"Palencia, Daniel",2024,"R",263,112,36,-1.6489423508530932,5.452690978763673,0.08836718414292782,4.172094695105831
592662,"Ray, Robbie",2024,"L",568,137,47,1.5771649784656765,6.271804215108494,0.012787305114107111,4.601601520486555
663574,"Santillan, Tony",2024,"R",504,113,28,-2.0294604515372217,5.467865207132004,-0.007759015399088933,4.394735078551623
664854,"Helsley, Ryan",2024,"R",908,138,60,-1.0310966071779895,6.116413275979993,0.16494794665363147,4.0782871585117855
665622,"Medina, Luis",2024,"R",720,133,42,-1.8429352889123287,6.226391599574931,-0.06424833556149737,4.611155994503866
543766,"Shaw, Bryan",2024,"R",95,145,40,-1.9882462964147225,6.039920940934627,-0.3090840050661415,4.631013784595178
571670,"Floro, Dylan",2024,"R",1018,109,37,-2.150030752746695,6.024128125682644,-0.36273365368115457,4.656118883273972
641302,"Alexander, Tyler",2024,"L",1668,139,36,2.0843995684801273,5.638394147046142,0.18970622325668884,4.268755165439844
661527,"Martinez, Seth",2024,"R",827,117,13,-2.526363830738621,4.4779923745972345,-0.4135210170558278,3.9934441603243482
605463,"Scott, Tayler",2024,"R",1178,117,13,-2.783731494946468,4.776571064269889,-0.5824923124937577,4.2594931135735665
622103,"Reyes Jr., Gerardo",2024,"R",79,133,23,-2.056851719302139,5.565764299572363,-0.09806846499244114,4.719741052370313
571927,"Matz, Steven",2024,"L",754,138,36,1.9461015600636138,5.697170792354089,0.06281349215355303,4.310084867634053
674072,"Henry, Tommy",2024,"L",706,109,43,1.7343022364358336,5.773030532939373,-0.05249212845838827,4.130223279453427
641816,"Mahle, Tyler",2024,"R",229,140,43,-1.9094808579801612,5.524804448138241,-0.30888312861468525,4.031678136359747
660761,"Suarez, José",2024,"L",987,108,40,1.8095025449487572,5.597682817574461,0.16150701517228422,4.201810220477618
663321,"Hernandez, Nick",2024,"R",139,117,47,-1.3085516605106409,5.749228722773301,0.2613997159491657,4.046797864168556
665625,"Peguero, Elvis",2024,"R",829,158,24,-2.6421390260106805,5.507713805687563,-0.3593520886148076,4.488538933577594
669721,"Daniel, Davis",2024,"R",508,108,49,-1.2682363691198586,5.59140755635618,0.09599669898381681,4.038243226381465
694297,"Pfaadt, Brandon",2024,"R",2791,109,28,-2.4093577108598474,5.508143097496077,-0.37239228258516216,4.436551493372828
672282,"Detmers, Reid",2024,"L",1559,108,45,1.473034373580637,6.140546357154319,-0.11330505666025226,4.532359506470966
680730,"Parker, Mitchell",2024,"L",2404,120,52,1.436465679652953,6.034572402004911,-0.034968155532520084,4.1445194951744115
689690,"Jacob, Alek",2024,"R",232,135,-1,-2.4989966408491116,3.812990127429194,-0.31472777060667534,3.857556432094782
592155,"Booser, Cam",2024,"L",695,111,39,1.858614539644492,5.7424765139989,0.1534225578681441,4.355263912591851
669211,"Akin, Keegan",2024,"L",1229,110,42,1.7223167340687942,5.9138564768942885,0.04375885369755562,4.378414295929187
669467,"Pallante, Andre",2024,"R",1883,138,59,-1.3554943936362946,5.9985643600566245,-0.2236020023893301,4.130422770487039
607259,"Martinez, Nick",2024,"R",2122,113,59,-0.8373672959795053,6.241650123173325,0.33658885527392346,4.316381573398788
502043,"Gibson, Kyle",2024,"R",2763,138,45,-1.6622144149004507,6.2476492040287015,0.0013884058700307077,4.57902133605326
700187,"Taylor, Troy",2024,"R",328,136,31,-2.1268274730103043,5.6387425164643625,-0.23683684649580447,4.522088026879266
572955,"Johnson, Pierce",2024,"R",929,144,39,-1.9383240596035451,6.132536664748144,-0.18758302940121155,4.703212298313979
656412,"Faedo, Alex",2024,"R",1007,116,33,-2.3724476988645127,6.033659063414498,-0.30563853984674155,4.716390571525169
656924,"Ryan, Ryder",2024,"R",340,134,30,-2.216195543431401,5.344535624845864,-0.18857361250917484,4.151890498060188
669212,"Morgan, Eli",2024,"R",646,114,46,-1.2221348041871392,5.674164617339971,0.3343240492707073,4.078357748492023
669724,"Hanifee, Brenan",2024,"R",470,116,33,-2.6076434236995074,5.529014496739647,-0.5763502362801988,4.230393621762051
680732,"Burke, Sean",2024,"R",309,145,41,-1.6074130908055975,6.095645882665596,0.11681024176660951,4.578093325314829
694813,"Stone, Gavin",2024,"R",2152,119,47,-1.2617736518529605,5.6119655608738315,0.26228773722905896,3.9767142615334397
664350,"Sánchez, Sixto",2024,"R",621,146,34,-2.1482682923603784,5.755868303359523,-0.25088793834910605,4.489475356290957
666142,"Ragans, Cole",2024,"L",3198,118,45,1.6491803262479257,6.337518659929694,-0.03007775470185803,4.650918547019696
543518,"McGough, Scott",2024,"R",577,109,47,-1.3841532467695874,6.001639293648378,0.06623550681656,4.457540992193316
687134,"Blalock, Bradley",2024,"R",552,115,62,-0.8533113247021293,6.404421608981444,0.2772849054806376,4.258871681004419
656671,"Maciejewski, Josh",2024,"L",96,147,37,1.9842363063804764,5.543920385019989,0.11514430611259657,4.145347770907607
664351,"Contreras, Luis",2024,"R",105,117,47,-1.260468241551842,5.314738840837582,0.19178709447415324,3.7571442169595106
608032,"Estévez, Carlos",2024,"R",821,143,42,-1.6230362744753708,5.995452748928401,0.20386821416862602,4.350305744157922
548384,"Raley, Brooks",2024,"L",119,121,33,2.1860686426667453,5.613848368780928,0.23622980047634026,4.352538952800371
680736,"Wrobleski, Justin",2024,"L",592,119,41,1.559598142375979,5.69441651167849,-0.052500333020185995,4.292423609053574
684320,"Rodriguez, Yariel",2024,"R",1502,141,40,-1.8797047239860183,5.795071662755048,-0.13283002947941064,4.339373118254688
641312,"Anderson, Shaun",2024,"R",244,146,45,-1.61521174669441,6.058415338174595,-0.15276817524327171,4.582020033751205
657697,"Nittoli, Vinny",2024,"R",178,110,19,-2.8582207223390315,4.852765369573656,-0.7414967483827039,4.122252496044386
596001,"Junis, Jakob",2024,"R",943,113,29,-2.2302057027469018,5.644400539543971,-0.24273831298450163,4.539439115596108
670241,"Vines, Darius",2024,"R",257,144,45,-1.6402429770732567,5.970251957923577,0.017054578400160912,4.320416317789937
621345,"Minter, A.J.",2024,"L",522,144,43,1.7134681570487904,5.7299908709869305,0.17220237756196172,4.313516341918167
643361,"Herget, Kevin",2024,"R",151,158,51,-0.978287844766644,6.091831948392235,0.3860755462690796,4.3892889441749
472610,"García, Luis",2024,"R",897,111,48,-1.5146243327205682,6.281858469288393,-0.02304356957336496,4.617180926618138
605218,"Edwards Jr., Carl",2024,"R",12,135,57,-0.9700006493420479,6.410475067198806,0.26783632650029704,4.513304515745693
676130,"Buttó, José",2024,"R",1259,121,33,-2.162097217351106,5.289526130045384,-0.14366472690744295,3.9717165231014078
614179,"Ruiz, José",2024,"R",807,143,45,-1.580498491846544,6.282456070048043,0.1006713372518096,4.613807832424398
680739,"Winder, Josh",2024,"R",141,142,44,-1.6104052976308787,5.834780516522948,0.1562031914893617,4.107565677425064
493603,"Ottavino, Adam",2024,"R",997,121,25,-2.7448973120471805,5.383092548499478,-0.5435088101202001,4.365634280113068
656420,"Feyereisen, J.P.",2024,"R",156,119,47,-1.62905406965728,6.236637295219929,-0.019138091320444264,4.536949700626171
668964,"Myers, Tobias",2024,"R",2215,158,61,-0.8422048306167053,5.887215420532398,0.2732889265379864,3.9089949714915684
678692,"Henriquez, Ronny",2024,"R",303,142,43,-1.449877129896761,5.348753205423911,-0.006844629462946299,3.99175207020702
687396,"Headrick, Brent",2024,"L",60,142,36,2.0007493382093045,6.058270580448369,0.03135915478312539,4.63046633392751
695076,"Lowder, Rhett",2024,"R",498,113,31,-2.440714169109361,5.6963638798896135,-0.4128703154865451,4.49841377434873
548389,"Stripling, Ross",2024,"R",1357,133,61,-1.0531280907238907,6.863691367899981,0.07571144701600074,4.800245352283073
593958,"Rodriguez, Eduardo",2024,"L",865,109,39,1.955284666950521,5.85876184939311,0.1433676040926092,4.365570565258156
680742,"Bowlan, Jonathan",2024,"R",68,118,43,-1.8500589274287969,6.035465511214209,-0.11663423901646226,4.419545537118591
689958,"Walters, Andrew",2024,"R",132,114,39,-1.7592377743256664,5.909723288086016,-0.035193110922054786,4.513560900448333
687911,"King, Bryan",2024,"L",428,117,37,1.785166980847104,5.609565363894166,0.05953932688623456,4.306157302963668
665896,"Marte, José",2024,"R",311,108,29,-2.1658953261561154,5.539890701650591,-0.04701323027895751,4.3865418972207415
668968,"Crouse, Hans",2024,"R",437,108,26,-2.160107020121477,5.81434675090716,0.127736310405169,4.693321325925831
672552,"O'Loughlin, Jack",2024,"L",176,133,34,2.0339241701358923,5.888612407899043,0.014302857113919942,4.525659620098038
680744,"Madden, Ty",2024,"R",403,116,40,-1.9918833056330083,5.750604170525264,-0.20594856269600104,4.262595449016513
805673,"Matthews, Zebby",2024,"R",715,142,42,-1.8221338457328355,5.974245847061939,-0.23925469042543904,4.551288997544346
806185,"Birdsong, Hayden",2024,"R",1388,137,41,-1.590663176699505,6.343711149677935,0.17110463939702145,4.787208131899599
677161,"Kelly, Zack",2024,"R",957,111,36,-1.8672175418226684,5.42051568760022,-0.041066209485599144,4.0957542496698505
621097,"Waguespack, Jacob",2024,"R",221,139,70,-0.3538027961512621,6.430727507248582,0.4989123131770188,4.145188691009104
571945,"Mikolas, Miles",2024,"R",2705,138,43,-1.9709602584891344,6.426276045111886,-0.1460527589365438,4.703944909473109
592426,"Jackson, Luke",2024,"R",939,144,54,-1.1817869250658835,6.51193223997017,0.22685766697229787,4.607089143644677
668970,"Hollowell, Gavin",2024,"R",29,112,8,-3.1803688001434014,5.041433885362553,-0.7059655264613683,4.7065936935275685
690986,"Harrison, Kyle",2024,"L",2078,137,24,2.5294083950674233,4.8406069795044795,0.4247231865876107,3.9150274352824503
571946,"Miller, Shelby",2024,"R",832,116,46,-1.5236614377143594,5.343538428450591,-0.0222285398884204,3.788213367377108
656427,"Flaherty, Jack",2024,"R",2569,119,29,-1.945457192344107,5.381531525977293,0.020469636222088534,4.313622697506053
664875,"Lawrence, Justin",2024,"R",1081,115,-2,-3.2596607595200147,4.357261886050455,-0.8319741444757194,4.45139457193692
605483,"Snell, Blake",2024,"L",1773,137,57,1.1071542499099831,6.638672446936199,-0.1889704670372481,4.636251638360312
675627,"Grove, Michael",2024,"R",787,119,57,-0.978095422227169,5.94106849958805,0.1850735948693906,4.170438387047092
676395,"Garcia, Robert",2024,"L",946,120,24,2.4459466881041703,5.5896421189065135,0.28619174250903484,4.60541648153592
500779,"Quintana, Jose",2024,"L",2843,121,45,1.8320251121940592,5.77756989245582,0.23001232325949272,4.191362100834962
572971,"Keuchel, Dallas",2024,"L",308,158,46,1.6498457033160145,6.163439717776087,0.06967596852790704,4.541006735132068
641835,"Mayza, Tim",2024,"L",731,147,42,1.9688206823332604,6.297824604531757,0.1518113024913983,4.668353459476067
571948,"Milner, Hoby",2024,"L",1043,158,-3,2.892088037009882,4.298946613644176,0.654435367691921,4.403488625383042
666157,"Lodolo, Nick",2024,"L",1864,113,19,2.9300767362490108,5.520012420245393,0.556399750885528,4.724235467206783
681517,"Leahy, Kyle",2024,"R",695,138,46,-1.5361416734470748,5.8365079236012205,0.08543056784518914,4.155368119878429
623149,"Sewald, Paul",2024,"R",629,109,16,-2.6770976260775643,4.464869188262768,-0.6773839883922934,3.894606944078399
670766,"McCaughan, Darren",2024,"R",713,146,30,-2.158236930281081,5.258945170822021,-0.14872199713494982,4.116935316243032
683822,"Uwasawa, Naoyuki",2024,"R",62,111,51,-1.4571805543741347,6.256713886115326,-0.0005924084296475354,4.480406395549424
641582,"Foster, Matt",2024,"R",108,145,50,-1.209280880714362,6.130485063948109,0.12710032019541823,4.528258128672346
663855,"Hicks, Jordan",2024,"R",1958,137,29,-2.319652760803331,5.615994990249317,-0.29308856061971644,4.474915976550333
666159,"Manning, Matt",2024,"R",438,116,46,-1.6581532150306004,5.515773088419657,-0.12095916192545927,3.950877974955033
605488,"Springs, Jeffrey",2024,"L",565,139,43,1.6602089952633958,5.98219763655875,0.0011339720473869438,4.4612046467275555
607536,"Freeland, Kyle",2024,"L",1769,115,27,2.1655021150039166,5.723797286550368,0.13370775854511602,4.675910565603495
683568,"Iriarte, Jairo",2024,"R",137,145,31,-1.9192493301443931,5.265468187665452,0.10757284892722847,4.0552157415720105
656945,"Scott, Tanner",2024,"L",1187,135,35,2.2466534860168426,5.231482864158719,0.4429453983063703,3.958378497598013
800049,"Mazur, Adam",2024,"R",584,135,50,-1.2097051744641583,6.0786670293642775,0.3975609422691867,4.174703602300199
641329,"Baker, Bryan",2024,"R",370,110,57,-0.9692762631585478,6.551464131197323,0.3979740304475597,4.450693427759311
641585,"France, J.P.",2024,"R",466,117,44,-1.235827918632083,5.629469078221396,0.14476813744616063,4.2803872200928765
643377,"Jax, Griffin",2024,"R",1066,142,46,-1.3803030125766795,5.500820672563529,0.21743911033968433,3.8567904753305045
686642,"Ellard, Fraser",2024,"L",432,145,27,2.385069438329011,5.765189755595564,0.32227165816663367,4.718287676808939
687922,"Lucas, Easton",2024,"L",246,141,48,1.4741114512448736,5.955415945817589,-0.12569385352810744,4.20380936770865
685107,"Veneziano, Anthony",2024,"L",242,146,36,2.0478779256525903,6.083936789967894,0.15031539053637985,4.709824144826976
621107,"Eflin, Zach",2024,"R",2522,110,27,-2.642329065707964,5.790039151014278,-0.44465730986216156,4.662868969856707
621363,"Poche, Colin",2024,"L",543,139,65,0.763509474673752,6.288444312483195,-0.1455716676022494,4.336211104217344
687924,"Aguiar, Julian",2024,"R",530,113,28,-2.091328359086286,5.524193711294833,-0.058578642249352574,4.423243422123564
642100,"Speier, Gabe",2024,"L",422,136,28,1.9564859898806668,5.3311889544380335,0.021474537682371522,4.295291308470824
676661,"Lazar, Max",2024,"R",214,143,56,-0.8552526920287092,5.850182481204724,0.42442643976877076,3.9746170152598004
456501,"Cueto, Johnny",2024,"R",167,108,33,-2.2064278108591466,5.451155967227083,-0.22154574594127255,4.181854521972098
593974,"Peralta, Wandy",2024,"L",593,135,43,1.5802889384147267,5.999221977130011,-0.12540932537356503,4.415704923603658
608566,"Márquez, Germán",2024,"R",70,115,40,-1.861450502831659,6.022954551324375,-0.08444608734402856,4.518092709447414
621366,"Borucki, Ryan",2024,"L",174,134,29,2.2493810753499224,5.692047555876282,0.1964401274407359,4.5660390558731345
621111,"Buehler, Walker",2024,"R",1336,119,46,-1.53349147520591,5.537673473689447,-0.073211283115587,4.05113861735086
668984,"Legumina, Casey",2024,"R",166,113,17,-2.504440562733137,4.768248525424352,-0.4275539226424413,4.126827674333697
676664,"Sears, JP",2024,"L",2856,133,21,2.310932307704238,4.6400253447765865,0.2885128818149363,3.848087135473619
677944,"Cecconi, Slade",2024,"R",1291,109,37,-1.770357836139855,5.646083277307523,0.05881626418189271,4.253958305753121
621112,"Blackburn, Paul",2024,"R",1212,121,50,-1.5023394397978669,6.042584127750592,0.005599708720872079,4.270532995946648
656186,"Altavilla, Dan",2024,"R",83,118,24,-2.2102823725562657,5.075310415878279,-0.26355282735218954,4.228269017245454
621114,"Burr, Ryan",2024,"R",570,141,57,-1.0442098807459192,6.402394338421259,0.2170649682584357,4.424119813146949
661563,"Gil, Luis",2024,"R",2664,147,36,-2.042361598993951,5.667850794415083,-0.06117254169276232,4.238033990641712
664123,"Effross, Scott",2024,"R",55,147,-3,-3.167583935120416,3.8258641085554927,-0.8628791216982661,3.9427593761140827
666171,"Zeferjahn, Ryan",2024,"R",208,108,38,-1.8576092622795533,5.845771986631914,-0.025977419700397648,4.421265166512409
683068,"Penrod, Zach",2024,"L",86,111,44,1.746821002707561,6.196987189923305,0.11659148944990261,4.5983020747834
685116,"Kitchen, Austin",2024,"L",157,146,29,2.1817805983462293,5.578618740966123,0.2647289649965372,4.52722528526176
650556,"Abreu, Bryan",2024,"R",1288,117,45,-1.641257205944853,5.751449152860841,0.008020316426966018,4.091255100558013
543037,"Cole, Gerrit",2024,"R",1533,147,42,-1.7951975300027823,5.986351902545871,-0.14862051434106216,4.481484799822792
689981,"Ryan, River",2024,"R",295,119,38,-1.8362706887087445,5.594853248340099,-0.03623996072388896,4.203628579413277
692285,"Guerrero, Luis",2024,"R",132,111,33,-2.1216609530912733,5.87115498507748,-0.13700144493058933,4.583390222411278
693821,"Elder, Bryce",2024,"R",864,144,54,-1.0989923757602766,6.648607858814664,0.25691358065953673,4.763932292079288
664126,"Fairbanks, Pete",2024,"R",696,139,56,-1.1271475398438056,6.95529145911599,0.31245367634253285,4.855757237051038
543294,"Hendricks, Kyle",2024,"R",2134,112,43,-1.8336664558746996,5.987298458811543,-0.045843810841197666,4.3215249303777075
686654,"Adcock, Ty",2024,"R",86,121,47,-1.5770467332387201,5.931823176975496,-0.02104345127057166,4.253597513783526
680767,"Vodnik, Victor",2024,"R",1312,115,43,-1.508661656118362,5.276051807466614,0.16746991170220848,3.7333882280933426
623167,"Flexen, Chris",2024,"R",2797,145,70,-0.3215322925847028,6.842395280474125,0.4569256036038102,4.691820796760224
665152,"Kremer, Dean",2024,"R",2171,110,41,-1.7797091577545767,6.040199104846131,-0.05282877273014648,4.537115732500443
687424,"Maldonado, Anthony",2024,"R",297,146,36,-1.9801076187281335,6.230868273006806,-0.11958146437638413,4.858504426319044
693312,"Nicolas, Kyle",2024,"R",950,134,44,-1.3795553719387812,6.0947879430869065,0.272136869499953,4.478433803358661
664129,"Hartlieb, Geoff",2024,"R",138,115,36,-2.0399778743901402,5.954750639645405,-0.027510892815624313,4.504918523469994
506433,"Darvish, Yu",2024,"R",1189,135,40,-1.7470111559752817,5.6025309992541565,-0.1564607155011252,4.275107778072616
663362,"Waldron, Matt",2024,"R",2447,135,29,-2.4117442846080395,5.478967297543511,-0.461127011794427,4.415657913761042
672578,"Hernández, Carlos",2024,"R",560,118,39,-1.7645428508385672,5.988607934915391,0.17744005665902723,4.398507892634329
674370,"Bido, Osvaldo",2024,"R",1056,133,34,-2.0853720111783796,5.8474704242577396,-0.08690297704653491,4.505706521515293
675650,"Mercado, Michael",2024,"R",260,143,37,-1.8763798340845654,6.080471007538187,0.01978440833676127,4.659374155011655
677955,"Hill, Jaden",2024,"R",151,115,24,-2.3822224450111738,5.6546835683298,-0.253236385475322,4.727174967241562
696131,"Black, Mason",2024,"R",663,137,22,-2.359188778695181,5.092121346607145,-0.1875559475511033,4.220112157373575
682052,"Lopez, Jacob",2024,"L",178,139,24,2.714206224302106,5.2723716176165585,0.4721504000680966,4.26509491227543
621381,"Strahm, Matt",2024,"L",952,143,31,2.1714382147518787,5.39126444896123,0.038063767432106516,4.118092361048693
502085,"Robertson, David",2024,"R",1211,140,45,-1.3893451659260578,5.821830313383639,0.05075309757113572,4.3967490089362045
642629,"Ramirez, Emmanuel",2024,"R",371,146,61,-0.9326458639223427,5.7777653895305505,0.21379441913986869,3.728080589388413
592454,"Kahnle, Tommy",2024,"R",728,147,35,-1.848768229659525,5.752599090213042,0.01681388219623516,4.427260496856081
595014,"Treinen, Blake",2024,"R",737,119,32,-2.271390201136749,6.204803013560032,-0.13800033812464169,4.891488188372673
663878,"Pearson, Nate",2024,"R",1059,112,40,-1.7342128319112886,5.494150155740305,0.09605451726059121,3.941376780721732
672582,"Zerpa, Angel",2024,"L",965,118,32,1.9296059360862479,5.409014897330258,0.10024451432951886,4.275735185965108
677958,"Rocker, Kumar",2024,"R",218,140,34,-2.3841546066376065,5.699626773099424,-0.4608284379139479,4.402853297273871
685126,"Eisert, Brandon",2024,"L",110,141,35,2.407360062159135,5.001847628761873,0.7144497496353912,3.836515995786745
596295,"Gomber, Austin",2024,"L",2543,115,53,1.0218648709490163,6.530682001759467,-0.395690072640074,4.643385947513811
663623,"Irvin, Jake",2024,"R",3046,120,29,-2.1689572141954634,5.7246396450060155,-0.10945356377493992,4.6038974745231505
667463,"King, John",2024,"L",842,138,27,2.435808191449124,5.432711051824542,0.3942866655234757,4.393474317155061
675911,"Strider, Spencer",2024,"R",178,144,46,-1.5766940855553295,5.923355194410766,-0.09869521921128004,4.400310084820444
681799,"Roberts, Ethan",2024,"R",474,112,32,-1.7402484686070694,5.0582096650216215,-0.07301062918838422,4.018562407582901
621383,"Banks, Tanner",2024,"L",1174,143,49,1.7142080530358472,6.2469150182297755,0.17068446578724422,4.481311275344886
622663,"Severino, Luis",2024,"R",2993,121,41,-1.5571542559444775,5.907510989155744,0.07289913479044693,4.488934000904066
670280,"Bednar, David",2024,"R",1023,134,41,-1.6812243535655813,5.898045882634325,-0.04237090910833363,4.481820286442135
676680,"Cosgrove, Tom",2024,"L",299,135,11,2.7322526631181865,4.7168633850805755,0.4663799262544786,4.272077845641144
677960,"Weathers, Ryan",2024,"L",1413,146,36,1.9443078246001704,5.702775661430282,0.13241544147608206,4.405541130992702
696136,"Wicks, Jordan",2024,"L",852,112,50,1.577723630979482,5.943942838750345,0.045962079264057314,4.135179667846651
656457,"Gilbert, Tyler",2024,"L",145,143,17,2.994088645501047,5.139270180048687,0.6970018993177207,4.428242885856537
605513,"Turnbull, Spencer",2024,"R",916,143,25,-2.5221997978624455,5.703627692635449,-0.2985613279273598,4.684793493858441
671305,"Otañez, Michel",2024,"R",601,133,32,-2.1473972622078117,5.638320256493674,-0.17749528474527015,4.3846317962338475
623433,"Anderson, Nick",2024,"R",573,118,47,-1.3853863121196888,6.421893930547485,0.20097444432000958,4.725260316282629
689225,"Brieske, Beau",2024,"R",1176,116,49,-1.340380064398747,5.983974852255671,0.21004605402767157,4.194356580662566
642121,"Sulser, Cole",2024,"R",292,139,43,-1.640395727435189,5.791134795848695,-0.0944799672795644,4.358321926965059
656458,"Gilbreath, Lucas",2024,"L",47,115,46,1.495236381742667,5.741423971162031,-0.10937858118102171,4.094871267114195
519242,"Sale, Chris",2024,"L",2813,144,11,3.2200375542114363,5.101355211199796,0.8792517942225203,4.6503050915883914
659275,"Lamet, Dinelson",2024,"R",74,119,47,-1.5524615731958014,6.1775597124189945,0.14132373295755654,4.374149291805174
664139,"Gibaut, Ian",2024,"R",40,113,44,-1.6892628396325218,5.620929625202089,-0.03137918672014261,4.0339066221033875
608331,"Fried, Max",2024,"L",2807,144,48,1.481957997230938,5.951194168708147,-0.098581373279305,4.1677672455606585
681035,"Scott, Christian",2024,"R",787,121,32,-2.2303843290947043,5.218085568898474,-0.2603132190429598,3.9888946571628545
702795,"Loutos, Ryan",2024,"R",35,138,34,-2.2947952900171393,6.0004301548408625,-0.21302910109498344,4.619931532976827
663372,"Feltner, Ryan",2024,"R",2578,115,42,-1.7238452722902706,5.536407375949166,-0.04602978586808161,4.025729467771311
676428,"Hurter, Brant",2024,"L",674,116,30,2.630207879906166,5.8839109491246555,0.37654046597058033,4.60299010695187
676684,"Vest, Will",2024,"R",1174,116,46,-1.505607531150543,5.554845702169473,-0.0007586379123432178,3.9821556997725494
660813,"Graterol, Brusdar",2024,"R",101,119,36,-2.3264120134211255,6.219108760759455,-0.48030063888741814,4.85837498632216
667725,"Tyler, Kyle",2024,"R",579,146,61,-0.5181443916343175,5.922817619836138,0.45024193797160894,4.140158056332911
681293,"Arrighetti, Spencer",2024,"R",2505,117,25,-2.2408396621029754,5.059400524455048,-0.18381528547183695,4.116487344419898
621389,"Blach, Ty",2024,"L",1133,115,21,2.319254441356017,5.738393933170274,0.1343600204841625,4.901690177671007
623437,"Topa, Justin",2024,"R",20,142,13,-2.772658588171828,5.167720431959795,-0.47814730837789654,4.6455045276292335
608334,"Fulmer, Carson",2024,"R",1469,108,38,-2.0459968269344997,5.659208484868151,-0.27422259901299434,4.287237667590088
681806,"Wantz, Andrew",2024,"R",35,108,35,-2.0806752303167912,5.961356848066664,-0.09537162719633308,4.583238444104915
694350,"Brzykcy, Zach",2024,"R",104,120,48,-1.2570911179240776,5.763538390760828,0.26032743555464144,4.056784461127108
672335,"Pérez, Cionel",2024,"L",874,110,37,1.9467838175153591,5.514451812487212,0.18210059339525284,4.175588588435168
656464,"Ginkel, Kevin",2024,"R",1184,109,40,-1.7702920218596083,6.428471390625148,0.05065392789179553,4.8862614758725975
543056,"Coulombe, Danny",2024,"L",477,110,58,0.8699147095435485,6.135931846540674,-0.31474371312084953,4.226309883145177
641360,"Bickford, Phil",2024,"R",154,147,25,-2.309831375941737,4.921736308708615,-0.21893016008056113,3.9493642538833713
675921,"Howard, Spencer",2024,"R",537,114,42,-1.84837925269008,6.097975350306948,-0.1195840030273155,4.552456484496625
700241,"McGreevy, Michael",2024,"R",311,138,36,-2.0867983772314136,5.771800915746376,-0.15836778490408152,4.376642231373696
573009,"Mantiply, Joe",2024,"L",867,109,15,2.829970573232073,5.123419775328333,0.4914883072532778,4.505959850900624
657746,"Ryan, Joe",2024,"R",2106,142,26,-1.9662328413714933,4.771622380689665,0.07963416556210676,3.788171527703716
612434,"Castro, Miguel",2024,"R",232,109,12,-2.8131136044442417,4.970797486185565,-0.4144067928268486,4.442493373517119
678226,"Hernández, Daysbel",2024,"R",372,144,40,-1.976762749004991,5.794264033109398,-0.23615902142870837,4.335361085475247
681810,"Warren, Austin",2024,"R",173,137,31,-2.266736210071516,5.1750839258789165,-0.3466408586030314,4.017451057669521
643410,"Leiter Jr., Mark",2024,"R",1008,147,50,-1.389592034793551,5.802917915626939,0.015156590502362538,4.110388389143538
672851,"Adon, Joan",2024,"R",178,120,34,-1.9486132827775702,5.746396796400697,-0.025349131767109283,4.447859646698312
670036,"Festa, Matt",2024,"R",385,140,28,-2.1013115886420834,4.88489635092081,-0.26535083431719797,3.9256328082968728
663893,"Little, Brendon",2024,"L",696,141,35,2.072551101717351,6.024489733690865,0.1742726760505665,4.711708651038782
600917,"Leclerc, José",2024,"R",1204,140,40,-1.5308313248757912,5.879339184616466,0.21652526175375034,4.389771065550953
669270,"Kuhnel, Joel",2024,"R",158,139,35,-2.1897443252060715,6.263104577628881,-0.17664855930864876,4.8614093013154625
621399,"Feigl, Brady",2024,"L",44,134,54,1.2097810071726667,6.443156416105281,-0.1731511100307892,4.529810417679466
657240,"Merryweather, Julian",2024,"R",272,112,55,-1.139748224581691,6.162159807347148,0.2941186798783684,4.097233871697074
666200,"Luzardo, Jesús",2024,"L",1083,146,39,1.894745522013087,5.9753602218494635,0.09039720539269175,4.497080952427976
608344,"Irvin, Cole",2024,"L",1767,142,40,2.0097597653100223,6.094270504769677,0.2358155948781736,4.605764152964785
676440,"Bibee, Tanner",2024,"R",2851,114,51,-1.441081468673212,6.177502782063043,-0.04281306790437229,4.449418399335758
677976,"Dobnak, Randy",2024,"R",183,142,20,-2.5468519237110003,5.445254929658972,-0.36511153336645136,4.668453100435404
660825,"Bazardo, Eduard",2024,"R",441,136,44,-1.5508817130529493,5.816508301981722,0.13337333458635983,4.181549354893473
666201,"Manoah, Alek",2024,"R",394,141,39,-2.251605010093076,5.826826384317218,-0.28997277500294066,4.214673557461748
694361,"Klein, Will",2024,"R",146,133,50,-1.4992939322320855,5.905202742009442,-0.040517955339047194,4.175012213390959
700249,"Povich, Cade",2024,"L",1381,110,41,1.7929954178565315,5.811230454680238,0.008872285834879014,4.271760473242022
518489,"Brasier, Ryan",2024,"R",363,119,42,-1.738137373341717,5.787065262417401,-0.16470434387629332,4.367495540971209
656730,"Megill, Trevor",2024,"R",697,158,55,-1.182731580384467,6.597395314115053,0.2646872109141037,4.55888679967878
670810,"Gillaspie, Logan",2024,"R",151,135,50,-1.4393169456494617,6.029884318279973,0.01851957006764176,4.282375915170402
682842,"Uribe, Abner",2024,"R",258,158,42,-1.9381313076523288,5.952282384441223,0.03476670915723584,4.169584456742529
656731,"Megill, Tylor",2024,"R",1365,121,37,-2.0221629022367487,5.788309938075865,-0.1649961354331943,4.400101078202842
607067,"Rea, Colin",2024,"R",2650,158,35,-1.916422271256193,5.576937655915084,-0.08772867638650654,4.319599294790302
623451,"Stephens, Jackson",2024,"R",51,144,43,-1.8926247683666064,6.098104884454886,-0.12389205026038935,4.474397632029638
694363,"Shuster, Jared",2024,"L",1290,145,40,1.6596167465037215,5.553227007791735,-0.0002744903204410667,4.173069746438395
666204,"Jiménez, Dany",2024,"R",450,133,61,-0.6516016166201211,6.413950343415344,0.5422969017627255,4.231963282828281
669276,"Lee, Dylan",2024,"L",878,144,45,1.5359609919554829,6.457303761425314,-0.0768467367294816,4.821404364257615
672860,"Berroa, Prelander",2024,"R",348,145,51,-1.3683738351565786,5.853630105971289,0.05134906289056897,4.0874575370848465
445276,"Jansen, Kenley",2024,"R",801,111,62,-0.7357121824630901,6.488603127120468,0.41539705025580775,4.33886078264469
666205,"Muller, Kyle",2024,"L",725,133,53,1.3614584068511835,6.597809310092113,-0.21239215108488535,4.522912239350913
628317,"Maeda, Kenta",2024,"R",1958,116,38,-1.9532311236786262,5.686218702020467,-0.1866933288906612,4.281775642230145
642397,"Soto, Gregory",2024,"L",959,110,36,2.155972725993653,5.730350097417589,0.21734695882334346,4.312747424530527
656222,"Beeks, Jalen",2024,"L",1157,134,49,1.721807349637288,5.98532363645295,0.20394768694623297,4.20923450545929
666974,"Cano, Yennier",2024,"R",1028,110,18,-2.893818706278786,5.471893802084325,-0.47496219811412344,4.705100757749159
669022,"Gore, MacKenzie",2024,"L",2991,120,47,1.5527495372897728,5.850775049361363,0.02610435757659197,4.2034387254454995
670046,"Rosenberg, Kenny",2024,"L",403,108,47,1.5732144360756195,6.0616532375584455,-0.019229732443394675,4.380923100586953
676702,"Stratton, Hunter",2024,"R",587,134,37,-1.7105354781135043,5.988743480840464,0.11481365260987471,4.594226038924164
663903,"Singer, Brady",2024,"R",2967,118,28,-1.9700680179684595,5.262470190661097,-0.14631689634704254,4.299142033611554
666207,"Pint, Riley",2024,"R",102,115,26,-2.939706824470915,5.5006157445785195,-0.6186046905036524,4.365584478871763
606303,"Payamps, Joel",2024,"R",930,158,30,-1.943098537351971,5.634284975398181,0.11731561526076706,4.43557553590938
678495,"Rodríguez, Randy",2024,"R",846,137,37,-1.9229925174884126,5.427438465412496,-0.23177884908745366,4.166851178872584
682847,"Ortiz, Luis",2024,"R",2143,134,22,-2.2083496106858216,4.964653924672643,-0.08611329200156707,4.116028723789179
666208,"Speas, Alex",2024,"R",39,117,42,-1.7526089379450822,6.341878462665189,0.07257521596051006,4.702616991178755
666720,"Rodríguez, Yerry",2024,"R",438,141,28,-2.219326506541378,5.6720212153987015,-0.24379623552202112,4.642343981922364
605280,"Holmes, Clay",2024,"R",1063,147,49,-1.5000665255702268,6.575496875095525,0.13242143925559616,4.684355173364996
502624,"Anderson, Chase",2024,"R",1016,140,43,-1.6451803502189488,5.749159858463729,0.027916873429758467,4.198692346081243
519008,"McFarland, T.J.",2024,"L",836,133,14,2.955601012814785,5.351068103410844,0.647924299247755,4.782457321064572
676961,"Boushley, Caleb",2024,"R",63,142,45,-1.825004987891121,6.045906908608362,-0.17383732988144748,4.390311136575843
607074,"Rodón, Carlos",2024,"L",3102,147,45,1.6954687610202597,6.3258827305724745,-0.016885460820516,4.589699503511625
676962,"Brown, Ben",2024,"R",849,112,42,-1.576600612972774,6.370394297716934,0.11966995511128749,4.8171624374067
683618,"Henriquez, Edgardo",2024,"R",59,119,49,-1.2539285147563572,6.056895156803923,0.30501845977219855,4.25613136952778
646242,"Díaz, Jhonathan",2024,"L",166,136,32,2.19886064247046,5.493959029993162,0.33299148895045416,4.324333246891306
657508,"Baumann, Mike",2024,"R",1067,146,49,-1.3804000919449764,6.0963003043819946,0.13668276925492884,4.364575903836865
669796,"Hernandez, Jose E.",2024,"L",89,134,56,1.0599253330510279,6.483497309409846,-0.2271924793206353,4.609759285184963
673380,"Núñez, Dedniel",2024,"R",494,121,39,-1.7678414573059382,5.43694731330991,0.047033019766611096,3.9780918514148382
554340,"García, Yimi",2024,"R",619,136,27,-2.496345900096841,5.176509985723237,-0.30061147457661286,4.03844651427321
592741,"Shreve, Chasen",2024,"L",10,115,36,1.745268051926267,5.9073151466294584,-0.1390635383244207,4.534378324420677
679525,"Marsh, Alec",2024,"R",2160,118,32,-2.2605620849377965,5.6581430001989,-0.3067316554433222,4.4212335382831585
666214,"Wentz, Joey",2024,"L",1224,134,50,1.2627591531307145,6.352115200596298,-0.34871516607831526,4.452086176863794
676710,"Crawford, Kutter",2024,"R",2822,111,48,-1.5619419673766244,6.020011402379018,-0.07806651418508262,4.391882444025864
622694,"Hernández, Elieser",2024,"R",251,158,40,-1.5355679597636231,5.289676345692526,-0.06208142545681801,4.056503245129999
701542,"Warren, Will",2024,"R",458,147,25,-2.107875947042035,5.657098365506639,-0.004258991079560043,4.6782139732153265
666215,"Whitley, Forrest",2024,"R",94,117,38,-1.7976953580416657,6.189283304791654,0.029943743125877043,4.751484477756285
471911,"Carrasco, Carlos",2024,"R",1688,114,36,-2.005008843722498,5.896606529368639,-0.1365497419131375,4.55172402441265
656232,"Bielak, Brandon",2024,"R",485,133,46,-1.6561325035700574,6.208321636171428,0.012547022070308915,4.503492767149973
605288,"Houser, Adrian",2024,"R",1099,121,40,-1.898714084197025,5.8747042820108595,-0.13430969816994545,4.36784827545378
676969,"de Geus, Brett",2024,"R",193,141,31,-2.119109625799674,5.97405228549119,-0.11471416281067301,4.746927801945083
623465,"Phillips, Evan",2024,"R",904,119,26,-2.1216807036450938,5.26109474944399,-0.09404226955263197,4.291960151258813
656234,"Bird, Jake",2024,"R",656,115,21,-2.441565798942447,5.3708895852877845,-0.25541229892178585,4.547932247646843
657514,"Bernardino, Brennan",2024,"L",857,111,18,2.355496754906954,4.981638686982953,0.23679939472978123,4.278262093548571
676714,"Hughes, Brandon",2024,"L",350,109,23,2.21740593028312,5.387222979938491,0.21269044843391907,4.52041472319837
681066,"Bush, Ky",2024,"L",328,145,48,1.3728858110816777,6.286399671625235,-0.2263464623820704,4.486914555073692
667755,"Soriano, José",2024,"R",1737,108,36,-2.1583288793701474,6.004498347506361,-0.24946899596390623,4.615126197102589
670059,"Holderman, Colin",2024,"R",869,134,29,-2.295927338772405,5.611428609176511,-0.25390044173543475,4.487806712594022
543339,"Hudson, Daniel",2024,"R",980,119,30,-2.2634486531449354,5.503534288554046,-0.1941857984102732,4.288460335588785
547179,"Lorenzen, Michael",2024,"R",2091,118,43,-1.6916731526971776,5.784721003688239,0.025535348931973147,4.2072419144180495
683627,"Molina, Anthony",2024,"R",1042,115,51,-1.255232863712526,6.2952225125535,0.17527004098795346,4.546622135291042
623211,"Brazobán, Huascar",2024,"R",899,121,38,-2.0508502570254117,5.858054978945156,0.004163809659772494,4.237374733562149
528748,"Castellanos, Humberto",2024,"R",186,109,18,-2.596389427030582,4.759473283324135,-0.4917288956931745,4.091224810725853
657006,"Steele, Justin",2024,"L",2046,112,46,1.6955910965256216,6.124828775712536,0.10514987611146842,4.489132182572666
594798,"deGrom, Jacob",2024,"R",172,140,34,-2.037042919271508,5.6126655888633605,-0.038635377544252364,4.261145113066369
676974,"Meyer, Max",2024,"R",967,146,46,-1.3876347664136026,5.815530128483875,0.22954783469465623,4.133461240177185
700270,"Diaz, Yilber",2024,"R",469,109,43,-1.5350342066741258,5.68870875185124,0.1437948129862527,4.125259457487199
656240,"Blewett, Scott",2024,"R",319,142,50,-1.277822655627228,6.267546110080418,0.1978937002330142,4.535612333830656
547184,"Kelly, Michael",2024,"R",470,133,36,-1.8776934320018075,6.079024976282583,-0.0031871968748814813,4.703480684757461
690544,"Horn, Bailey",2024,"L",303,111,42,1.4520177278478221,5.745796536516702,-0.18673154668408026,4.2935020475576975
571760,"Heaney, Andrew",2024,"L",2729,140,30,2.324995010116879,5.027775065436795,0.35140994863383895,3.9099913532540516
657265,"Strzelecki, Peter",2024,"R",192,114,20,-2.6741565243302707,4.950818849060531,-0.6672533705622401,4.223029711638443
601713,"Pivetta, Nick",2024,"R",2387,111,56,-0.9675067893433426,6.813600939137387,0.31728271310657,4.877896871907915
671345,"Foley, Jason",2024,"R",922,116,31,-2.293212845511007,5.693970976375811,-0.15830203251089425,4.4165360372900935
682610,"Muñoz, Roddery",2024,"R",1485,146,38,-1.7258798289107933,5.69685526115396,0.18445097883169181,4.216806210830832
623474,"Herget, Jimmy",2024,"R",189,144,1,-2.954822502243351,4.936237110390985,-0.6333738246140208,4.910772765469824
689266,"Dodd, Dylan",2024,"L",34,144,45,1.662660601298798,6.019232129033027,-0.027042749292230255,4.299804521862221
608371,"Sims, Lucas",2024,"R",885,111,38,-1.6565552681324245,5.688119882487185,0.08792771846077936,4.3185665188273585
543859,"Tonkin, Michael",2024,"R",1403,142,13,-2.9512752714692776,5.19482251052353,-0.6196009199792141,4.647921442084255
676979,"Crochet, Garrett",2024,"L",2366,145,38,1.9858278516814032,6.100356769690401,0.05915902137078609,4.617518447126028
656756,"Montgomery, Jordan",2024,"L",1929,109,46,1.6284171017978566,6.603678676900198,-0.0876170147176642,4.8534655836565195
664948,"Misiewicz, Anthony",2024,"L",30,147,56,1.0220449074357651,6.164041296321815,-0.2567951128936423,4.266360409982173
572020,"Paxton, James",2024,"L",1708,111,42,1.924845383179517,6.05158810757136,0.11154186688833509,4.399527986679027
660853,"De Los Santos, Enyel",2024,"R",1116,145,25,-2.459063771145718,5.4515936267642155,-0.2931278129172814,4.448780313891607
663158,"Suarez, Robert",2024,"R",975,135,46,-1.3787816606856176,6.225546229127575,0.25143549897161666,4.549182247543303
669302,"Gilbert, Logan",2024,"R",3037,136,44,-1.497928791948303,5.8257214510238455,0.17963004424926796,4.212092778430257
694646,"McDermott, Chayce",2024,"R",82,110,42,-1.706748627230947,5.528499662908071,-0.0247967099256554,3.998797020781706
571510,"Boyd, Matthew",2024,"L",669,114,26,2.566731898065409,5.454420222740699,0.35094404237574917,4.3698803288756745
543351,"Jackson, Jay",2024,"R",453,142,32,-1.9503656938404963,5.709095053626871,0.04913495964711394,4.46023607579496
660600,"Paredes, Enoli",2024,"R",319,112,43,-1.8882617365924004,5.09337919562359,-0.17769804731810085,3.5257371383948275
671096,"Abbott, Andrew",2024,"L",2333,113,45,1.6470728370678136,5.862643599684824,0.10519578209415707,4.319956515522082
641656,"Hamilton, Ian",2024,"R",619,147,40,-1.6277304388169294,5.953961569504436,0.07095275126058642,4.518121254596712
666745,"Brito, Jhony",2024,"R",619,135,55,-0.9540719152567508,6.14923382646205,0.49722670110781864,4.1022679944940235
542585,"Cisnero, José",2024,"R",313,108,27,-2.321511382096399,5.376174565422495,-0.2046214925993633,4.295717694896722
689017,"Knack, Landon",2024,"R",1149,119,53,-1.1501377328008047,5.796884851428244,0.20357847876709034,3.998586262952051
641401,"Brogdon, Connor",2024,"R",97,119,33,-1.9813828164758023,6.016268309278746,-0.022343143686715545,4.727519742911223
680570,"Rodriguez, Grayson",2024,"R",1869,110,38,-1.8171576882126397,5.593082181839928,0.055452273752538125,4.14873927443637
608379,"Wacha, Michael",2024,"R",2602,118,52,-1.261187532471243,6.520928224081092,0.16390851792327576,4.727319871112445
669308,"Reynolds, Sean",2024,"R",225,135,41,-1.6281517698415202,6.473294607898661,0.12003717567835216,4.974653739354328
657277,"Webb, Logan",2024,"R",3199,137,22,-2.664115737776325,4.978340331921491,-0.5149136299835231,4.103702513123807
676477,"Whitlock, Garrett",2024,"R",320,111,29,-2.2772277102007084,5.464808904851766,-0.3077658402963456,4.351205801581996
680573,"Woods Richardson, Simeon",2024,"R",2295,142,47,-1.286927453171298,6.420271888071246,0.2950366494238815,4.73362999052423
686973,"Varland, Louie",2024,"R",901,142,41,-1.9216590984999127,5.53271911495388,-0.23249851482112358,4.054341264607954
641149,"Parsons, Wes",2024,"R",148,114,37,-2.1210991888112107,5.679813529857058,-0.272108738016091,4.2678669497037145
519293,"Smith, Will",2024,"L",673,118,45,1.5246505961797419,6.48146445296966,-0.1173355270650743,4.812258293405163
608638,"Chargois, JT",2024,"R",529,136,28,-2.470234192081297,5.3789461117930575,-0.41954583042703253,4.309618000700882
592767,"Smyly, Drew",2024,"L",1015,112,52,1.4344182351889798,6.630520669312876,-0.07906935978153021,4.720323113897596
663423,"Thornton, Trent",2024,"R",1139,136,35,-1.9588525719222685,5.184234171136289,-0.16624286142424077,3.9297969787739513
657024,"Swanson, Erik",2024,"R",667,141,51,-1.4389312651173969,6.120999008354248,-0.06899296381221151,4.427801110808232
664192,"Lucchesi, Joey",2024,"L",179,121,45,1.820846886354395,5.961576281354309,0.17383294496061494,4.312728582738327
674944,"Guenther, Sean",2024,"L",256,116,45,1.6664333685772794,5.596523801435935,0.12226214871602051,4.0597622406277845
681857,"Olson, Reese",2024,"R",1840,116,39,-1.9633390844551195,6.0205833638669946,-0.06357953712314968,4.505623485575058
671106,"Allen, Logan",2024,"L",1664,114,45,1.3326085279269184,5.376109014958492,-0.22884412461007123,3.8356412865397496
641154,"López, Pablo",2024,"R",2985,142,38,-2.1003569848908006,5.583127053018107,-0.2157062654926444,4.093779043255494
681347,"Burrows, Mike",2024,"R",68,134,50,-1.135712858926249,6.387458470003755,0.35039419366677166,4.6087230955751295
519043,"Moore, Matt",2024,"L",854,108,44,1.6777616656731749,6.376403333380112,-0.07990993093213443,4.687556897811284
669060,"Wilson, Bryse",2024,"R",1643,158,46,-1.7676496027740531,5.788803847675367,-0.14563242861467074,4.1211612123165
678020,"Halvorsen, Seth",2024,"R",178,115,41,-1.7368370570949652,5.5930185644643355,-0.11008576578741813,4.17628294578301
592773,"Stanek, Ryne",2024,"R",1002,121,46,-1.378709289666231,6.296719613944166,0.3172689737281231,4.563745533176074
663941,"Beck, Tristan",2024,"R",242,137,45,-1.7603249385386377,6.052090971407762,-0.09594287650447106,4.39725681855011
671109,"Eder, Jake",2024,"L",45,145,35,2.2016471251952403,5.658744643435596,0.23815798970093088,4.307622844127549
547973,"Chapman, Aroldis",2024,"L",1128,134,52,1.325841094003429,6.1029562652796585,-0.14362728173474437,4.188267935218894
669062,"Miller, Erik",2024,"L",1269,137,37,1.953448708083058,6.388957235067572,-0.006170083676424982,4.911736635370536
663687,"Harris, Hogan",2024,"L",1213,133,49,1.615878668657021,5.887532989323112,0.09722832946114064,4.117371629392223
671111,"Peralta, Sammy",2024,"L",282,145,12,2.7770823389577575,4.671923874880094,0.5848964491599347,4.202041366733669
672391,"Ort, Kaleb",2024,"R",366,117,44,-1.6235375510528383,5.846636181836736,0.027332255291585093,4.279164477708621
571527,"Buchanan, David",2024,"R",58,113,54,-1.173899945373781,6.254564225635039,0.20595291351650377,4.3694549081074445
641927,"Ober, Bailey",2024,"R",2692,142,35,-2.1973382258598333,5.985588054935077,-0.16501370367206714,4.560944401382052
663432,"Rainey, Tanner",2024,"R",939,120,38,-2.1202026667936535,6.097647461742796,-0.2751086216420926,4.672028309594728
608648,"Duffey, Tyler",2024,"R",189,118,25,-2.370795949421467,5.684889343405577,-0.2273057592734063,4.692201069047148
682120,"Herrin, Tim",2024,"L",990,114,31,2.3761960638626016,5.720243413520985,0.3704288530582111,4.517394167701976
607625,"Lugo, Seth",2024,"R",3194,118,33,-2.2052765353445136,5.487868024099803,-0.17032182855666322,4.185603283981665
673929,"Leasure, Jordan",2024,"R",560,145,52,-1.143690697190755,5.8944595638491855,0.25976874411128087,4.099220770785585
650633,"King, Michael",2024,"R",2908,135,29,-2.1467129681491186,5.499241370165918,-0.1903903740250632,4.40290377368841
656266,"Bukauskas, J.B.",2024,"R",88,158,19,-2.565023502305617,5.167075220726154,-0.5030332077459082,4.467429292254091
686730,"Spiers, Carson",2024,"R",1554,113,30,-2.0396908324296676,5.318771056809784,-0.07962340392340386,4.180772751074223
624522,"Thompson, Keegan",2024,"R",538,112,38,-1.8071872583628372,5.821872213544707,-0.030216304693557048,4.447020641744365
592779,"Stewart, Brock",2024,"R",268,142,27,-2.31867504029924,5.371919759746621,-0.1875945320190492,4.2689341151861
663947,"Holton, Tyler",2024,"L",1358,116,43,1.7229081008377194,5.8906320529594804,0.043694854155345374,4.317092025798138
681867,"Criswell, Cooper",2024,"R",1755,111,12,-2.7972511503152058,4.977229631325299,-0.39934396036788194,4.450454474711925
663436,"Martin, Davis",2024,"R",892,145,39,-1.9998082767436962,5.998520421999014,-0.22209126020159392,4.536434285248957
674444,"Cruz, Steven",2024,"R",82,118,32,-2.3286638609418047,5.608805288612539,-0.3509076866223208,4.3641445415416715
681869,"Dubin, Shawn",2024,"R",840,117,40,-1.8774495326672986,5.788689078838063,-0.09866798478482301,4.314818427765045
690829,"Joyce, Ben",2024,"R",541,108,28,-2.140311066017789,5.210122503671456,-0.03887459036378794,4.09967844109245
701581,"Festa, David",2024,"R",1099,142,56,-0.9512033536058622,6.154696487965426,0.3540488246485625,4.1902410228712155
642701,"Santana, Dennis",2024,"R",1106,134,32,-2.401018576097298,5.741332001707133,-0.34262875604787363,4.4403079978596764
650893,"Cabrera, Génesis",2024,"L",1030,141,45,1.5394733943652752,5.9258052240743595,-0.16798951802433254,4.2179058897080495
681870,"Sabrowski, Erik",2024,"L",198,114,52,1.147070318313636,6.039903340869904,-0.32856448216568546,4.158556796575382
656271,"Burke, Brock",2024,"L",575,108,41,1.9488510787385225,6.2702152306714005,0.1493707796636441,4.708927899868246
681871,"Villalobos, Eli",2024,"R",71,146,47,-1.1696472097487847,6.113601837985013,0.36226056840149623,4.474182786020939
621199,"Bowman, Matt",2024,"R",497,110,36,-1.65656000394433,5.732351053503736,-0.013867726322283086,4.526699937772804
650895,"Castillo, Diego",2024,"R",177,142,33,-2.3552904718955254,5.871956184660422,-0.2742211476681069,4.526495624741936
664208,"Maton III, Phil",2024,"R",1068,121,31,-2.1357611539745918,5.3262915178656165,-0.21351291967927788,4.165103304191951
702352,"Bivens, Spencer",2024,"R",768,137,32,-2.267581422291883,5.9710225473225425,-0.29907372762551976,4.746984802993166
656529,"Hentges, Sam",2024,"L",351,114,39,1.8589264883064915,6.432973803062457,-0.09904394447237583,4.838849302222836
595345,"Okert, Steven",2024,"L",616,142,33,2.4601105519875004,5.732281960357593,0.4476936165995324,4.402288027669749
683409,"Chivilli, Angel",2024,"R",513,115,40,-1.8767930999186218,5.924572996759771,0.011139889260683896,4.3368653474893435
686993,"Sterner, Justin",2024,"R",64,139,41,-1.7123021093307582,5.574872615717444,-0.08698242396390374,4.186142723651962
570257,"Rodríguez, Joely",2024,"L",249,111,31,2.2008636939095876,5.521621415613283,0.19635342725626215,4.302855856939344
656786,"Mushinski, Parker",2024,"L",194,117,48,1.5109535399247132,5.607893428885604,0.05350710531635332,4.008429916202659
669330,"Wells, Tyler",2024,"R",259,110,50,-1.4450275795315362,6.872503213654354,0.1563692114192113,4.931536654071949
594835,"Gonzales, Marco",2024,"L",546,134,37,1.8164322004400684,5.413874873539338,0.14261399580811343,4.142039839245721
661395,"Duran, Jhoan",2024,"R",881,142,34,-2.090506399798849,5.948988127549315,-0.06797079542166679,4.606181890514948
676755,"Mattson, Isaac",2024,"R",100,134,49,-1.656666785358313,6.011211577842633,-0.15081581105169342,4.275233202317291
683155,"Estes, Joey",2024,"R",2027,133,37,-1.7825559734712468,5.862636212714013,0.03257125679441619,4.479246618071371
571539,"Carasiti, Matt",2024,"R",170,115,36,-1.708028061620383,5.885067183525822,0.0749823225332914,4.568418809374016
641427,"Busenitz, Alan",2024,"R",75,113,40,-1.6399840725032397,6.047567400279488,0.06962772311348782,4.633581777777778
647315,"Pop, Zach",2024,"R",736,141,30,-2.435624100565918,5.425846525417888,-0.33458884440633985,4.228320605552002
657044,"Thompson, Ryan",2024,"R",977,109,-6,-3.364642491041435,3.7943050119986776,-0.8818769952216483,4.047886658748357
594580,"Moll, Sam",2024,"L",624,113,17,2.1983613023613007,5.019438305197619,0.08435090240641713,4.392262176630557
650644,"Civale, Aaron",2024,"R",2727,158,46,-1.3407176143643356,6.371446270167769,0.19744887975725703,4.790242458363488
675989,"Bolton, Cody",2024,"R",312,136,33,-1.9578779346776736,5.403441691661212,0.022192690479455185,4.126448098633393
687765,"Spence, Mitch",2024,"R",2481,133,47,-1.6672301617221859,6.206036401508978,-0.09304238551673648,4.494798860717569
641941,"Pagán, Emilio",2024,"R",593,113,41,-1.5727130022612348,5.657344093867527,0.14857604103729483,4.1346914821761915
670102,"Francis, Bowden",2024,"R",1558,141,40,-1.8601146811232698,5.917140864909679,-0.0974553509115164,4.426798381534893
544150,"Suárez, Albert",2024,"R",2233,110,40,-1.778511095001145,6.23194449315213,0.023426443247575472,4.719263563162516
592791,"Taillon, Jameson",2024,"R",2483,112,45,-1.5775322902001179,6.1362574574269955,0.06800485978450249,4.491315143187574
670103,"Burgos, Raymond",2024,"L",25,137,24,2.39322703746661,5.814663646560501,0.1647439037433155,4.806526417112298
605335,"Leibrandt, Brandon",2024,"L",117,113,52,1.5078370252408055,6.181309965950728,0.04798982890747597,4.330349556652499
670871,"Zuñiga, Guillo",2024,"R",271,108,25,-2.4972409339044024,5.879619771864621,-0.3261916783419171,4.861108223322875
663704,"McArthur, James",2024,"R",904,118,32,-2.1374134473919644,5.775766274411207,0.009846918232296924,4.439785461229944
676760,"Marinaccio, Ron",2024,"R",395,147,34,-2.0893908049929544,5.354743218338249,-0.1660606685620163,4.064283467361628
656793,"Nelson, Nick",2024,"R",96,143,48,-1.605436865649155,5.637529753610578,-0.18790467635918,4.057787401589423
656794,"Newcomb, Sean",2024,"L",184,133,39,2.0860198184251595,6.2589384322474455,0.10043583904905841,4.660530789351313
600986,"Vieira, Thyago",2024,"R",737,109,47,-1.5493343949822,6.055756816691053,0.0596791719574224,4.335625238779366
681882,"Selby, Colin",2024,"R",112,110,50,-1.3073644137073273,5.712296523177204,0.24584443754774638,3.875131088458111
661403,"Clase, Emmanuel",2024,"R",983,114,53,-1.2545900717057397,6.0517474407630925,0.170125771901288,4.138711775676698
671131,"Rutledge, Jackson",2024,"R",139,120,38,-1.952199699816184,6.117370139136537,-0.1414070230446659,4.702510754177408
686747,"La Sorsa, Joe",2024,"L",271,120,19,2.6380139664363664,5.342746901491409,0.43204120442541327,4.567197710335393
622491,"Castillo, Luis",2024,"R",2852,136,15,-2.4733289159768796,5.026438019990511,-0.1635047377079099,4.3927723217656345
502171,"Cobb, Alex",2024,"R",242,114,36,-2.294331795823652,5.546490679917009,-0.5235731732738174,4.258246567522577
450203,"Morton, Charlie",2024,"R",2789,144,21,-2.6031461728645477,5.459886455669366,-0.2612291725067093,4.568927845546765
669084,"Hall, DL",2024,"L",782,158,43,1.7461784191953231,5.505122413382049,0.09681425500681558,3.950480494960133
607644,"Means, John",2024,"L",320,110,45,1.537417648794042,6.4048249958720564,-0.05201503063725493,4.808776502618094
676508,"Casparius, Ben",2024,"R",156,119,42,-1.6574741625354745,6.005947037729607,0.06592776920791625,4.443682901412313
677020,"Walker, Josh",2024,"L",215,121,42,1.8879543817535005,6.163292408934235,0.08357617792148572,4.519605528748498
657053,"Toussaint, Touki",2024,"R",491,145,32,-2.18310628103342,5.5739292867211825,-0.16315115247357972,4.29589639772591
669854,"Blanco, Ronel",2024,"R",2699,117,46,-1.4776162062167086,6.11826797738975,0.07168277251956398,4.48655951600216
676254,"Walker, Ryan",2024,"R",1206,137,17,-2.8554165399489766,5.1805511790569945,-0.5597065294442819,4.474054643745034
613534,"Adams, Austin",2024,"R",805,133,11,-2.7466544962727433,5.187591574707472,-0.5356057264644986,4.767770259850975
519326,"Strickland, Hunter",2024,"R",1157,108,32,-2.301708015103436,5.880669633132797,-0.3156635619502771,4.653020648320617
543135,"Eovaldi, Nathan",2024,"R",2621,140,33,-2.6056144678190565,5.50735583790032,-0.5754545862262908,4.2101551753933215
543391,"Kelly, Casey",2024,"R",78,113,52,-1.3376962862104507,6.518818528617399,0.15708129713423827,4.608407111842407
489119,"Miley, Wade",2024,"L",118,158,50,1.6034918255174881,6.2367894169514,0.13727982642980152,4.507688263995892
686751,"Johnson, Seth",2024,"R",58,143,53,-1.071600131061772,6.01119518912396,0.31016451072592055,4.1780702409490456
642207,"Williams, Devin",2024,"R",435,158,23,-2.2944177376673944,5.278291030848619,-0.3763043979347225,4.446495672342083
650911,"Sánchez, Cristopher",2024,"L",2796,143,32,2.0508939527051244,6.181615423925308,0.0753111030782452,4.937299007016652
656288,"Canning, Griffin",2024,"R",2869,108,45,-1.513033815962463,5.9000566057926,0.04596217949076394,4.331306661814252
592288,"Emanuel, Kent",2024,"L",302,146,24,2.4716992583735546,5.87258319290173,0.23888987203550893,4.879311332943776
660896,"Alcala, Jorge",2024,"R",930,142,49,-1.5350057164029596,6.526277102631747,0.04004984148889272,4.698835027408818
686752,"Pepiot, Ryan",2024,"R",2148,139,42,-1.6844739431351592,5.96436935039194,-0.032050986284136114,4.487714755673727
663969,"Phillips, Tyler",2024,"R",578,143,29,-2.2169970158256627,5.867860612419407,-0.06861603769220806,4.66856517387389
667297,"Nance, Tommy",2024,"R",322,141,44,-1.6672508230614556,6.200683650180775,0.10675399879319321,4.506086590051039
542881,"Anderson, Tyler",2024,"L",2913,108,58,0.9518018076415894,6.404276511909633,-0.2321559494808754,4.534649762176184
656546,"Hoffman, Jeff",2024,"R",990,143,40,-1.8244440009601155,6.0384721058274,0.09033977700354708,4.452051756333387
542882,"Andriese, Matt",2024,"R",88,146,43,-2.160873243828688,5.717914170766162,-0.41426879456327986,4.080427407429915
657571,"Ferguson, Caleb",2024,"L",941,117,39,1.7810618439377368,5.6460602881380115,-0.10037586706598411,4.121593192378877
605347,"López, Jorge",2024,"R",802,112,36,-1.7754087704679922,5.759201835992812,0.030103854557012148,4.4404629279074985
502179,"Espino, Paolo",2024,"R",158,141,47,-1.479891948931843,5.4948029531591045,-0.1177819174620366,4.021958323179675
663460,"Bubic, Kris",2024,"L",496,118,41,1.8576284738251083,5.680851770922702,0.14872875355787477,4.173624242603933
681892,"Funderburk, Kody",2024,"L",652,142,37,2.064132434466402,5.909004178931374,0.0601511095709896,4.408228909129186
596133,"Weaver, Luke",2024,"R",1362,147,47,-1.3972290633010453,5.704371512866809,0.1628817998591774,4.055986939294477
666277,"Soriano, George",2024,"R",519,146,21,-2.375728660255238,5.178665288167361,-0.1802705034019212,4.317627311194227
669093,"Estrada, Jeremiah",2024,"R",1000,135,64,-0.6759109310828538,5.815302307509297,0.34176860071301246,3.729534238146166
678821,"Peralta, Luis",2024,"L",181,115,33,2.0151399229494844,5.320899034878169,0.08931289479126661,4.065251376291351
643493,"Pruitt, Austin",2024,"R",78,140,55,-1.0774092284897043,5.928571927822044,0.1800796105854929,4.147247290781113
656550,"Holmes, Grant",2024,"R",1023,144,40,-1.8970490700540577,5.943962112035891,-0.20386680527894077,4.5221939067229115
663462,"Campbell, Isaiah",2024,"R",119,111,48,-1.6693967991854017,6.485427261618143,-0.08537154915442113,4.712500319807067
608678,"Leone, Dominic",2024,"R",361,145,40,-1.6710471368688802,5.803493961145054,-0.027211177606272948,4.400457638960894
687014,"Avila, Nick",2024,"R",225,137,54,-0.937534839448963,6.119778089388098,0.4710866765696179,4.204498033670034
453286,"Scherzer, Max",2024,"R",668,140,29,-2.3396734038884506,5.529144709079171,-0.34505922019597174,4.411894843601564
676775,"Winn, Keaton",2024,"R",832,137,40,-1.9319085968335752,6.228985278123311,-0.024362246867715626,4.632171989729025
622503,"Crismatt, Nabil",2024,"R",93,119,34,-2.2246232131309767,5.555901148845086,-0.3328857704176489,4.258038456672992
641703,"Honeywell Jr., Brent",2024,"R",595,119,45,-1.4782671074703644,6.179913443367805,0.08553985679833435,4.6017138313935195
593576,"Neris, Héctor",2024,"R",1024,117,40,-1.8051043920462868,6.080490962944733,0.010154735457748452,4.563806123708356
542888,"Armstrong, Shawn",2024,"R",1109,112,40,-1.9626674440734606,5.799571460054226,-0.185858319228995,4.313216192021523
642216,"Winans, Allan",2024,"R",138,144,31,-2.0228733853166534,5.845546464500657,-0.03417379872897776,4.627806707742385
647336,"Soroka, Michael",2024,"R",1442,145,37,-2.067094703765304,6.095608847008326,-0.15588717047277864,4.631256250664428
595881,"Beede, Tyler",2024,"R",265,114,31,-2.400965849488788,5.337152421263376,-0.28229388020045076,4.059809100326236
663465,"Allard, Kolby",2024,"L",436,143,48,1.5964938541207634,5.532521072941094,0.11484240645799607,3.881587252244518
688297,"Roycroft, Chris",2024,"R",596,138,21,-2.5306186234147194,5.230153955936568,-0.18104635627893623,4.321886393245522
663978,"Paddack, Chris",2024,"R",1459,142,46,-1.6276275989945894,6.1746913844658975,0.0714033795398651,4.422423420370702
622250,"Sborz, Josh",2024,"R",284,140,50,-1.3393879985535775,6.29653550329249,0.1343692798950566,4.544691903919056
664747,"Díaz, Alexis",2024,"R",977,113,10,-2.72267309843347,4.591562141710226,-0.5699764288985346,4.213885639950595
622251,"Staumont, Josh",2024,"R",420,142,48,-1.5229831104391383,6.039701781373506,0.015446583057465414,4.330661477803241
670124,"Oller, Adam",2024,"R",710,146,39,-1.790492785321797,5.762065892544245,-0.1420312150084105,4.415047137907658
656557,"Houck, Tanner",2024,"R",2732,111,22,-2.527372265312876,5.603597476222139,-0.23545156111759236,4.670585774331024
678061,"Kerr, Ray",2024,"L",383,144,32,1.999770552162536,5.689374421543258,-0.0018963048547213836,4.425073467977267
622253,"Tate, Dillon",2024,"R",582,141,26,-2.13949727669999,5.2668671719609605,-0.16804172639065001,4.29947522741055
656302,"Cease, Dylan",2024,"R",3188,135,53,-1.292627210020075,6.100221031254807,0.020948343750069903,4.327711185718728
656814,"Ortiz, Luis",2024,"R",10,143,36,-1.8737084788360625,6.054904288031062,0.008650775401069524,4.687451836007131
669358,"Baz, Shane",2024,"R",1206,139,38,-1.7311867199624293,5.800773158630518,0.053425619230052956,4.388375122678354
622766,"Díaz, Miguel",2024,"R",10,117,38,-1.7883769538223289,5.848551858200103,-0.009933493761140822,4.482748921568628
650671,"Quijada, José",2024,"L",379,108,36,2.1236764085933593,5.439217692781648,0.24990386371867043,4.067119459690806
676272,"Miller, Bobby",2024,"R",1053,119,47,-1.2477501541255467,6.029629386314707,0.3242735316970612,4.318417846895302
680880,"Holman, Grant",2024,"R",292,133,46,-1.8182348640101786,6.154083633205469,-0.059846871413571666,4.324938491380362
687792,"Herz, DJ",2024,"L",1586,120,37,1.8702606474185632,5.79029413829319,0.03271410705976764,4.392995163338752
641712,"Hudson, Dakota",2024,"R",1509,115,36,-1.9531345288614321,6.120058218570777,0.006268483100210381,4.713689207181156
657585,"Garrett, Reed",2024,"R",965,121,37,-1.7018185429283665,5.592627034566268,0.07337838389995655,4.244252562411677
663474,"McKenzie, Triston",2024,"R",1299,114,54,-1.0465318044701242,6.473069842335959,0.28634441061889115,4.6432051241253705
668338,"Miller, Tyson",2024,"R",934,112,17,-2.6413255898085404,4.5872901944013105,-0.5228674288228032,3.934992070598925
671922,"Smith, Cade",2024,"R",1166,114,37,-1.8982844077956955,5.744941778280374,0.030333961194020723,4.278840376853999
622259,"Wingenter, Trey",2024,"R",179,112,29,-2.6368216707275667,5.554253597346373,-0.41869110277935445,4.322470634043358
448179,"Hill, Rich",2024,"L",71,111,19,2.8466918201978477,4.632868074262168,0.7735722251512641,3.913742758153197
669620,"Basso, Brady",2024,"L",350,133,56,1.2284809295788124,6.579113094266641,-0.09903187089381205,4.611074157626685
663989,"Vespi, Nick",2024,"L",169,110,49,1.3796658366907855,6.43510419002471,-0.16166049531162657,4.670779669651615
680885,"Schwellenbach, Spencer",2024,"R",1887,144,33,-2.2589370031130778,5.439915630704835,-0.5218472213484323,4.301821779895658
814005,"Bloss Jr., Jake",2024,"R",238,117,46,-1.3516631435009419,5.7426017836402075,0.15173365501280722,4.178192262840963
621237,"Alvarado, José",2024,"L",1017,143,65,0.5206819358590491,6.65439605570093,-0.5324393113855894,4.374738650955154
458677,"Wilson, Justin",2024,"L",816,113,48,1.3633008523952435,6.367898883359231,-0.19043592499388343,4.614776956306143
593334,"Germán, Domingo",2024,"R",373,134,31,-2.472590158293528,5.501761205015002,-0.28895885913224684,4.212455881158213
669622,"Bender, Anthony",2024,"R",954,146,18,-2.4885698730220014,5.465578344848051,-0.29918306651419846,4.754622387863092
676534,"Faucher, Calvin",2024,"R",987,146,50,-1.549367027172109,6.000636461193129,-0.08531326270030898,4.2526335984555015
620982,"Pinto, Ricardo",2024,"R",220,143,48,-1.4786395490540538,6.057462511899652,0.14466844514665364,4.2644059844433615
687798,"Robertson, Nick",2024,"R",217,141,32,-2.1915823892247728,5.674750164322121,-0.2598037022433609,4.448970651075677
669111,"McMillon, John",2024,"R",180,146,41,-1.740051851240534,5.621307297787887,-0.05911512378688849,4.1773542973856195
681911,"Vesia, Alex",2024,"L",1090,119,61,0.7824376343029462,5.897951506351167,-0.3375379762547218,3.8506953260069654
643511,"Rogers, Tyler",2024,"R",992,137,-64,-2.699542500989421,1.0998334449936342,-1.6707343370852747,3.218667563412831
663992,"Lovelady, Richard",2024,"L",528,139,19,2.527246781147792,5.239852284686906,0.5388213071557825,4.57202189711284
666808,"Doval, Camilo",2024,"R",1116,137,19,-2.2025106022542347,5.472683161200745,-0.014432807758163545,4.705870085979979
642232,"Yarbrough, Ryan",2024,"L",1476,141,13,3.1875735109780408,5.017419962584546,0.9129248450550461,4.472438969078635
643256,"Cimber, Adam",2024,"R",416,108,-23,-3.4310335485341352,2.4016415349171436,-1.3454201288907175,3.282383553578775
595897,"Burdi, Nick",2024,"R",210,147,24,-2.3360171763312034,5.4247741246187235,-0.02951348612172139,4.410028480604361
547001,"Poteet, Cody",2024,"R",384,147,39,-1.8063291686081406,6.200097194881173,-0.09528909197675281,4.810889586350639
693433,"Woo, Bryan",2024,"R",1715,136,27,-2.2155939948002934,5.04546808251883,-0.2624012983894858,4.0565881934591985
518585,"Cruz, Fernando",2024,"R",1138,113,45,-1.6678581342655567,6.028794949563795,-0.10075219863788296,4.43766892232049
458681,"Lynn, Lance",2024,"R",2038,138,32,-2.5766369100560107,5.578936512880396,-0.549158559823251,4.313939074474468
663738,"Lynch IV, Daniel",2024,"L",631,118,39,1.560621004031591,6.020127745148003,-0.24881999005624436,4.5462193408871965
676282,"Cantillo, Joey",2024,"L",711,114,55,0.9686616458358858,5.949907872811643,-0.2979485905217475,4.1174523053819385
681402,"Varland, Gus",2024,"R",453,145,48,-1.2173987163348812,5.367062538481467,0.23870720213431545,3.72649317404666
621242,"Díaz, Edwin",2024,"R",951,121,20,-2.7283051732381125,4.916176904705166,-0.7095124734072963,4.163993360680473
571578,"Corbin, Patrick",2024,"L",2888,120,39,1.7949492310381976,6.250662080948213,-0.06345720635144003,4.7709260018405475
680891,"Neely, Jack",2024,"R",98,112,34,-2.18509315093426,6.121311131541986,-0.2640764842300557,4.818790107861326
669372,"Ginn, J.T.",2024,"R",515,133,42,-1.8597728704655727,5.6513220261115,-0.14156228060156112,4.121028860391469
621244,"Berríos, José",2024,"R",2907,141,40,-2.1500749521871207,5.611835490155403,-0.3531708997950123,4.127688848541263
663485,"Sands, Cole",2024,"R",1154,142,26,-2.346828611636859,5.751031430605226,-0.23041003237595659,4.721914213523752
669373,"Skubal, Tarik",2024,"L",2827,116,48,1.8734285255038114,6.171310715753569,0.16981486575528681,4.271410770851741
677053,"Nardi, Andrew",2024,"L",906,146,47,1.8694890263389408,5.813996300837169,0.28871382140454005,4.137474706748043
694973,"Skenes, Paul",2024,"R",2125,134,23,-2.7569570580160874,5.664498999094239,-0.5522816388801509,4.7149253314040065
679358,"Orze, Eric",2024,"R",42,121,45,-1.2060293921227376,5.841555165055816,0.4137403085476615,4.214915996095408
554430,"Wheeler, Zack",2024,"R",3133,143,25,-2.6740074772680686,5.228239171332089,-0.4150015000173535,4.190932002039133
694462,"Waldrep, Hurston",2024,"R",133,144,56,-1.0338646411226309,6.310379309449988,0.37745506748153806,4.238986393791967
641726,"Jefferies, Daulton",2024,"R",281,134,31,-2.1010705287929454,5.790985984778359,-0.3255320538438604,4.727545529081902
682175,"Jacques, Joe",2024,"L",50,109,10,2.7590850035485963,4.4730232891496176,0.4691486666666668,4.064913632798572
554431,"Matzek, Tyler",2024,"L",179,144,50,1.462724506936284,6.250109041678807,-0.055903279259901004,4.426045195630309
642239,"Zastryzny, Rob",2024,"L",119,158,42,2.0527492247777976,5.652599285580778,0.39392911367755656,4.182586452013962
552640,"Kittredge, Andrew",2024,"R",1011,138,39,-1.7369745871923215,5.770238122921043,-0.03156641559600191,4.3784267966803645
640448,"Finnegan, Kyle",2024,"R",1066,120,50,-1.0217979552205658,5.7282735399861,0.37447605313146926,4.0424536409788185
605121,"Anderson, Justin",2024,"R",945,145,36,-1.9392435005845594,5.679988428019635,-0.08044789981986063,4.342834537249248
680897,"Nastrini, Nick",2024,"R",734,145,45,-1.5154107432075579,5.903665396258764,0.1056517332323071,4.287206705255797
641729,"Jiménez, Joe",2024,"R",1104,144,31,-1.9978433160715319,5.653408623108881,-0.03643549763943787,4.456851383399206
666818,"Frías, Luis",2024,"R",229,141,49,-1.4169183731945687,6.467475457958795,0.20610039970732233,4.627572156707064
622786,"Tinoco, Jesus",2024,"R",644,146,25,-2.237609706707188,5.265570718189293,-0.14854936407369282,4.271977122983583
665795,"Cabrera, Edward",2024,"R",1734,146,42,-1.6954773178697269,6.151949260789744,0.10661359827668097,4.528603850586055
640451,"Harvey, Hunter",2024,"R",906,118,44,-1.3238085882732777,5.786132798874716,0.23955643295046314,4.271918097511933
592836,"Walker, Taijuan",2024,"R",1356,143,41,-1.9012373024080083,6.452843914421635,-0.10956336812949913,4.9176241971379575
668868,"Thompson, Zack",2024,"L",317,138,55,1.0378936428943477,5.935938334276022,-0.3076433281600568,3.997801276730939
573124,"Rogers, Taylor",2024,"L",1060,137,29,1.9079096388059313,5.671799319767395,-0.16788201232637132,4.514249885817106
606149,"Gallegos, Giovanny",2024,"R",401,138,58,-0.9303452058920004,6.7336424676294175,0.3175754486333187,4.711747597139059
672710,"Contreras, Roansy",2024,"R",1075,108,49,-1.1259969309016988,5.932480890575177,0.3732726480951789,4.23469085636115
686790,"McDonald, Trevor",2024,"R",39,137,32,-2.356392474796108,5.104446235357477,-0.3241714749302985,3.831975119978061
640454,"Krook, Matt",2024,"L",27,110,27,2.4520119041513513,5.852488321789153,0.28914449395919983,4.733141311810918
640455,"Manaea, Sean",2024,"L",2995,121,23,2.9359349008521782,5.424964826100693,0.7634325273256982,4.522073144099343
527048,"Pérez, Martín",2024,"L",2204,135,47,1.5554681957327625,5.729436450742929,-0.015919957434384416,4.042135196660741
664776,"Cousins, Jake",2024,"R",644,147,24,-2.358322496461694,5.673729513086452,-0.27905725952436283,4.7356711396020845
672456,"Montero, Keider",2024,"R",1539,116,43,-1.6208686945752326,5.834590972177401,0.01778260891219268,4.302391932048381
541640,"Ramírez, Erasmo",2024,"R",302,139,36,-1.9742570660376844,5.452767377024834,-0.3105536786839962,4.238157015322685
657097,"Webb, Jacob",2024,"R",949,110,32,-2.250408680430133,5.536554995046453,-0.3124351133287879,4.326680181878291
668873,"Kilian, Caleb",2024,"R",167,112,51,-1.2128253051921396,6.155005599669872,0.16860528301685396,4.436717658800047
668874,"Henley, Blair",2024,"R",39,117,30,-2.1584408969837967,5.355076818466984,-0.16334127245303715,4.2048865121806305
605130,"Barlow, Scott",2024,"R",1015,114,28,-2.214323061795264,5.27009734560907,-0.14689085605402033,4.152144953504913
434378,"Verlander, Justin",2024,"R",1580,117,55,-1.2649702409476298,7.096642193568094,0.1546490504636836,5.0873839388298485
641482,"Cortes Jr., Nestor",2024,"L",2849,147,47,1.6822857365674073,5.719698124223356,0.28441518082774764,4.215706157616052
669387,"Mlodzinski, Carmen",2024,"R",866,134,26,-2.1773801042618635,5.089092754983391,-0.16933509414893397,4.093380948323058
607179,"Weems, Jordan",2024,"R",733,120,49,-1.10525131211842,6.02212858880251,0.4587541483367499,4.229820956900683
686539,"Cronin, Declan",2024,"R",1096,146,22,-2.444921673253316,5.268366278470107,-0.0556689673679691,4.3116318184257825
695243,"Miller, Mason",2024,"R",1024,133,34,-2.1622808144160666,6.0568102841675024,-0.14260596033868092,4.696207808148114
700363,"Smith-Shawver, AJ",2024,"R",116,144,51,-1.1969839754491252,5.933275264315206,0.3313426224721864,4.055080774018072
701643,"Hartwig, Grant",2024,"R",118,121,14,-2.824687492439879,4.838026965659088,-0.5862647436478442,4.294850554397415
657612,"Hill, Tim",2024,"L",982,147,-20,3.102259693804158,3.1424738937793224,0.8772059571393822,3.934527787247094
592332,"Gausman, Kevin",2024,"R",2864,141,36,-2.0779081623746776,5.678879996232461,-0.14227712329091122,4.264454112705261
477132,"Kershaw, Clayton",2024,"L",504,119,57,1.1210048378620248,6.131438085434618,-0.10480563230342639,4.2682193431160345
681676,"Fernandez, Ryan",2024,"R",1191,138,53,-1.1513539256625445,5.781992198914283,0.24940031669487872,3.9455099376488256
686796,"Walston, Blake",2024,"L",343,109,33,2.1042762490515674,6.021407004264426,0.1018645525742764,4.730265339902192
608717,"Stratton, Chris",2024,"R",995,118,35,-1.9528433447336904,5.8545218516285065,0.02268869060095486,4.467602911169036
679885,"Martinez, Justin",2024,"R",1176,109,42,-1.8093757681284623,6.251242601013763,-0.06097415723865304,4.677376624816589
527054,"Teheran, Julio",2024,"R",68,121,21,-2.808273240287601,5.0232709714839325,-0.714908242896089,4.22342552951662
608718,"Suter, Brent",2024,"L",1022,113,56,1.114291703491015,6.290475018437272,-0.057801730816859784,4.575350392959178
678606,"Ferrer, Jose A.",2024,"L",476,120,35,2.1547604533379836,5.91112387757044,0.2873327996974192,4.582079098511063
640462,"Puk, A.J.",2024,"L",1173,109,28,2.3190971725734255,5.551643685409019,0.08587987236590369,4.339213312985419
669391,"White, Owen",2024,"R",69,140,45,-1.7715362860735773,5.8769918027867245,-0.15539491074427134,4.244339534733523
605135,"Bassitt, Chris",2024,"R",2959,141,35,-2.062586334955598,5.522316043610692,0.04098321426699658,4.032917895101139
686799,"Kochanowicz, Jack",2024,"R",859,108,28,-2.462071119557611,5.918427481759879,-0.21615514755166546,4.7128181491349865
455119,"Martin, Chris",2024,"R",657,111,41,-2.0036245874255587,6.110223580104922,-0.13571466803408794,4.506945288501452
656848,"Petersen, Michael",2024,"R",363,146,48,-1.3339943651895771,6.299976776410917,0.3059657073898931,4.467661410900448
606160,"Montero, Rafael",2024,"R",677,117,35,-1.9291538649022382,5.088894018790416,-0.03562766978148855,3.7872858550752118
650960,"Duarte, Daniel",2024,"R",56,142,39,-1.4925138181560806,5.530765369915743,0.14401317959001783,4.190728822892791
656849,"Peterson, David",2024,"L",1879,121,41,1.760537691474199,6.129128564364301,-0.11831590271117393,4.5021935734011045
668881,"Greene, Hunter",2024,"R",2563,113,32,-2.274181955230623,5.971106818007577,-0.3170833260307282,4.750401012801817
670161,"Dunshee, Parker",2024,"R",51,144,35,-1.906386337818233,5.943875793663036,-0.11531175247282516,4.704624791164236
641745,"Keller, Brad",2024,"R",743,111,49,-1.2957611814269197,6.359282467320742,0.2259826691425378,4.583688704797963
606930,"Barnes, Jacob",2024,"R",1117,120,43,-1.5237218940782342,5.69854370724871,0.21547261971444392,4.069630445696628
694738,"Roupp, Landen",2024,"R",907,137,27,-2.39937345743539,5.254297181434663,-0.3635009777389955,4.239054584072777
702674,"Dana, Caden",2024,"R",206,108,44,-1.6088712587139395,6.035332991097434,-0.013739282747520898,4.486176099804441
669395,"Coleman, Dylan",2024,"R",16,117,35,-1.6895486148743455,6.05328895737715,0.21781526849376115,4.698127673796792
674003,"Bradford, Cody",2024,"L",1175,140,57,1.058774611957565,6.224358040711503,-0.2701326894223843,4.206505137027345
608723,"Voth, Austin",2024,"R",974,136,37,-1.796525329573485,5.685936108945838,-0.04748363063537903,4.350308466748654
675540,"Curry, Xzavion",2024,"R",635,146,60,-0.8530668540846461,6.004608519570828,0.2943133166308753,4.036655805858494
677076,"Andrews, Clayton",2024,"L",15,147,37,1.75994247948875,5.406146831117865,0.10486619132501483,4.176160784313725
663765,"Woodford, Jake",2024,"R",618,134,27,-2.5275568442047547,5.1749699307400645,-0.4865858334919729,4.114325042832669
605397,"Musgrove, Joe",2024,"R",1566,135,36,-2.298227466445028,6.355966539827995,-0.22518768642020862,4.875489218531945
594902,"Lively, Ben",2024,"R",2405,114,38,-1.7416763682034175,5.224825700730581,-0.06751707309119082,3.9300239245703974
686294,"Willingham, Amos",2024,"R",20,120,46,-1.5911773419479094,5.8334642857808285,0.046703226381461654,4.11131228163993
640470,"Alzolay, Adbert",2024,"R",329,112,42,-1.705611579252931,6.24595475962735,-0.0041130173539435065,4.701458562651367
663767,"Shugart, Chase",2024,"R",142,111,35,-1.9768768413620084,5.402428031142616,-0.25630860322361976,4.183199282593958
670167,"Schreiber, John",2024,"R",904,118,9,-2.883115456847835,4.225456670932941,-0.6098631449844618,3.8625579039681037
571863,"Koch, Matt",2024,"R",23,115,36,-1.9469070838393419,5.710890080088878,-0.12185049600868016,4.400717147175076
658648,"Avila, Pedro",2024,"R",1419,114,45,-1.6812338141272136,5.781080808944114,-0.01661521746503713,4.111801814815235
595928,"Curtiss, John",2024,"R",38,115,41,-1.8923253159543971,6.31801288710712,-0.179837543390562,4.854447394220846
669912,"Snead, Kirby",2024,"L",196,136,15,2.6737929211413323,5.0791446733074,0.46047040543490125,4.470340846793262
605400,"Nola, Aaron",2024,"R",3189,143,20,-2.4011946140621263,5.024567251258861,-0.2443107096363445,4.236191173983205
607192,"Glasnow, Tyler",2024,"R",1933,119,58,-1.1236531691378842,6.054329685781943,0.17406266542359788,3.9849817812032855
676568,"Vanasco, Ricky",2024,"R",45,116,51,-1.1430777965923387,5.697095551287823,0.3769044167161814,3.7919444206773623
681432,"Little, Luke",2024,"L",437,112,26,2.4637859418425068,5.501502627309098,0.2078196257908197,4.384560928914939
621016,"Cuas, Jose",2024,"R",319,141,3,-3.260402876670883,4.192383342192489,-0.8086646645320996,4.057726795802393
642520,"Garabito, Gerson",2024,"R",492,140,44,-1.9088330753845006,5.731467981742715,-0.241772855346869,4.136518987399096
518617,"Diekman, Jake",2024,"L",593,121,20,2.796119070113042,5.572959957757746,0.5130898293519462,4.757135344317089
622554,"Domínguez, Seranthony",2024,"R",1070,110,29,-2.0705218133630843,5.443929089356053,-0.09293618021890146,4.326644604011522
641755,"Kinley, Tyler",2024,"R",1160,115,45,-1.4902609041451405,6.451982862982017,0.1300940860685968,4.832219467622471
518876,"Kelly, Merrill",2024,"R",1142,109,25,-2.2371031481554584,5.484696865912817,-0.24530184442030267,4.540674399839542
656605,"Keller, Mitch",2024,"R",2850,134,35,-1.9513708331144755,5.753188601938653,-0.16197387431591465,4.512436427369682
663773,"Hoeing, Bryan",2024,"R",808,135,35,-1.8209250397375567,6.119499676131595,0.026069520371154793,4.820051161402901
664285,"Valdez, Framber",2024,"L",2604,117,43,1.74548698469442,6.003394975592345,0.15627422219620976,4.534450927648674
592094,"Adam, Jason",2024,"R",1141,135,35,-2.0518156737149353,6.145631317850441,-0.08298611094186703,4.76449565037393
670174,"Winckowski, Josh",2024,"R",1240,111,51,-1.156976924021874,6.03191577662996,0.2679147856649992,4.270517621327118
592351,"Gray, Jon",2024,"R",1620,140,32,-2.0775516708548256,5.604826794399535,-0.13042172520411086,4.369059073743979
607455,"Banda, Anthony",2024,"L",774,119,34,2.0314046960724634,5.421350176135176,0.05545903068533026,4.068482646114594
657376,"Schmidt, Clarke",2024,"R",1454,147,35,-1.921960094168066,5.64065821488166,0.012585028086512823,4.280150257939865
663776,"Sandoval, Patrick",2024,"L",1442,108,53,1.144392369310312,6.057230377611291,-0.17503963715230128,4.313792056919855
607200,"Fedde, Erick",2024,"R",2891,138,37,-1.7711946611825526,5.826041079477672,0.11966506383755347,4.388129700416367
678368,"Bellozo, Valente",2024,"R",1094,146,46,-1.4595479954193507,6.10652336366817,0.06729141843208944,4.549321914298375
683232,"Mears, Nick",2024,"R",1038,158,61,-0.6257148329816644,6.160924984149085,0.4684629788191331,4.2068074485075195
642016,"Robert, Daniel",2024,"R",103,140,35,-2.049006062519542,6.072622317855268,-0.1386542469238357,4.724482837512765
642528,"Loáisiga, Jonathan",2024,"R",61,147,42,-1.6608867356119115,5.42575827440799,-0.010415738873790948,3.9226206218403896
656353,"Davidson, Tucker",2024,"L",67,110,59,0.9762146644118785,6.121716778934992,-0.18043197515098308,4.228889912735787
656354,"Davis, Austin",2024,"L",142,135,24,2.5422808217266812,5.319601581464132,0.42128515477894113,4.366394462855566
592866,"Williams, Trevor",2024,"R",1064,120,17,-2.7544544334612304,4.9831683419068336,-0.5090383604398695,4.302989583668395
605154,"Brebbia, John",2024,"R",994,144,41,-1.6253161384963761,5.874700349397111,0.05201702299357644,4.431563261386501
687330,"Kelly, Kevin",2024,"R",1032,139,3,-2.709515499599071,3.7156325824714735,-0.6287912040203678,3.6057412820061074
669923,"Kirby, George",2024,"R",2967,136,37,-1.7961652693752235,5.86682033889063,0.14812834299697145,4.420407643736476
605155,"Brewer, Colten",2024,"R",391,112,35,-1.902658451172966,6.027718303801111,0.03257299168911926,4.65623997451573
686563,"Cannon, Jonathan",2024,"R",2027,145,25,-2.673735016307832,5.798815907758574,-0.5003058496394923,4.781583414677254
605156,"Brooks, Aaron",2024,"R",403,133,41,-1.8492674370128583,6.305671615294602,-0.09235477722783222,4.7665747008841866
690916,"Fitts, Richard",2024,"R",314,111,54,-1.1445262012099178,6.126313211414896,0.25345671003780784,4.191422567753216
691172,"Zulueta, Yosver",2024,"R",286,113,29,-2.2001443142323502,5.765727704399136,-0.11231287162035825,4.612723043890156
628452,"Iglesias, Raisel",2024,"R",928,144,33,-2.2666526522149586,5.540949157638618,-0.28233125777936574,4.227578573706126
628708,"Marte, Yunior",2024,"R",482,143,33,-2.295514937509943,5.551477969828506,-0.26409664665941823,4.226805648441948
668390,"Winn, Cole",2024,"R",286,140,41,-1.952998071750926,5.500487849796489,-0.1862091750495494,3.961176842052778
670950,"Richards, Trevor",2024,"R",1180,142,52,-1.1355378419609508,6.27957574116968,0.3317453837729239,4.3845281235082565
681190,"Vásquez, Randy",2024,"R",1687,135,37,-1.845231291923682,5.946454195617941,0.03147377190785782,4.545042939718328
489446,"Yates, Kirby",2024,"R",1027,140,22,-2.2924254564758884,5.262792795356942,-0.3501669414229355,4.4968814372026555
445926,"Chavez, Jesse",2024,"R",1071,144,22,-2.103295173122894,5.14011427460036,-0.1611749299719887,4.372954670364879
518886,"Kimbrel, Craig",2024,"R",963,110,26,-2.1253014709166904,4.798646586345416,-0.3342306199247377,3.9205566319230427
684007,"Imanaga, Shota",2024,"L",2589,112,40,1.8621368988442162,5.4266859889760815,0.16748607050671652,4.0272737280789626
687847,"Church, Marc",2024,"R",15,140,57,-0.8558691057895516,6.449327020617518,0.4148396434937611,4.512437688651217
673513,"Matsui, Yuki",2024,"L",1029,135,57,1.1437413090604596,5.968702559378503,-0.00121034950776848,4.22952668833767
677865,"Bruihl, Justin",2024,"L",99,134,40,1.9509342526158306,5.466927264371859,0.354577784979924,4.149969200921873
685801,"Bigge, Hunter",2024,"R",300,139,51,-1.2996246970568253,5.66774748154514,0.04225998425430779,3.999761594771242
669674,"Long, Sam",2024,"L",725,118,56,1.2458672739024355,6.018366442661821,-0.06652127678406786,4.0766103106521605
686826,"Jarvis, Bryce",2024,"R",1006,109,36,-1.7970159757579174,5.648481984048843,-0.07428721503421537,4.402919838455894
571882,"Law, Derek",2024,"R",1368,120,51,-1.2297224961616782,6.487925936493321,0.17753103636989093,4.741665124542641
663531,"Allen, Logan",2024,"L",470,109,44,1.653993770433529,6.067321643455636,0.005438170629954104,4.493015985512191
664299,"Javier, Cristian",2024,"R",570,117,38,-1.915512380416052,5.801434348911434,-0.03313321715608093,4.3081512652844225
670955,"Uceta, Edwin",2024,"R",672,139,17,-2.7653629621599163,4.683836346444894,-0.6532985284833628,4.047119834638402
688107,"Gasser, Robert",2024,"L",399,158,25,2.466406341728339,4.9571951787874715,0.41614313904190053,4.014925496450574
625643,"López, Reynaldo",2024,"R",2106,144,42,-1.6624272906028992,5.831056119946884,-0.1138683400114773,4.441682113492894
641771,"Kuhl, Chad",2024,"R",980,145,26,-2.3317684457885415,5.286874687558958,-0.36573153397722724,4.338873728946125
656876,"Rasmussen, Drew",2024,"R",459,139,54,-1.1816964399355752,5.892355401572392,0.15937624126695635,4.0438947700767764
671212,"Boyle, Joe",2024,"R",964,133,48,-1.3338687503487985,6.224137853384591,0.2720732863477341,4.425977984630289
642028,"Rogers, Josh",2024,"L",170,115,36,2.0986796352862633,5.901987468921179,0.2426727891370454,4.577811783579743
662253,"Muñoz, Andrés",2024,"R",951,136,29,-1.877217520029425,5.175029608388982,-0.029935473589110636,4.14717971953718
668909,"Williams, Gavin",2024,"R",1361,114,35,-2.0993518599185514,5.861795674830811,-0.21125753574557873,4.520651036710192
669165,"Hurt, Kyle",2024,"R",58,119,42,-1.7663848541033091,5.782303196324936,-0.036876111008666786,4.249374915483433
674285,"Salazar, Eduardo",2024,"R",494,120,34,-1.9564880053060494,5.502856533778512,-0.06676555312592466,4.251397415510188
682989,"Mederos, Victor",2024,"R",107,108,37,-1.9547435905063266,5.694030533281304,-0.1816667233078448,4.360516595865194
690925,"Beeter, Clayton",2024,"R",51,147,53,-1.157695539291983,6.214954872621822,0.2364909580231379,4.3326083254692245
669422,"Sauer, Matt",2024,"R",327,118,45,-1.3860277263776177,5.9666724595771585,0.2122350362775079,4.391620595049251
680686,"Gray, Josiah",2024,"R",176,120,31,-2.358698702687021,5.103982770863538,-0.2677029097796143,3.842803227799385
682990,"Priester, Quinn",2024,"R",810,111,43,-1.6074714010594326,5.953661439517442,0.15192892189872562,4.33718747804846
621294,"Heller, Ben",2024,"R",255,134,29,-2.151066564756603,5.6904387428038845,-0.028195625458739645,4.5238303460207625
691951,"Aldegheri, Sam",2024,"L",222,108,38,1.7480920670038747,6.032657004787273,0.054573027573027594,4.712860982238924
572143,"Smith, Burch",2024,"R",896,110,39,-1.7738999591307636,5.69724590821404,-0.05612841326871658,4.302477774561528
519151,"Pressly, Ryan",2024,"R",970,117,57,-1.0167142163535832,5.962757070167997,0.23802552079313452,4.0142313027179
657649,"Koenig, Jared",2024,"L",1024,158,31,2.4559802689501007,5.87810965301123,0.4809655027120934,4.675570268458946
669169,"Heasley, Jonathan",2024,"R",108,110,53,-1.1957435844835167,6.0446145295564255,0.198601839473163,4.195635024262231
680689,"Richardson, Lyon",2024,"R",26,113,32,-2.0959687165544834,5.56922860251539,-0.2115470656794186,4.39781776360894
622065,"Young, Alex",2024,"L",267,121,30,2.0005852739420313,5.93118211597446,-0.000577065432914742,4.759362412292123
691441,"Mena, Cristian",2024,"R",70,109,48,-1.3337520324397976,6.146120764560792,0.1372295709192768,4.498737736185383
642546,"Hernández, Jonathan",2024,"R",761,136,26,-2.2781077170510238,5.446767560953946,-0.189028999159095,4.4223956327985725
543475,"Lyles, Jordan",2024,"R",72,118,43,-1.7383047405947776,5.927230900451555,0.020014172360863544,4.2863371323529424
676083,"Junk, Janson",2024,"R",175,133,55,-1.1011090456792472,5.7732894538689825,0.20396982633053226,3.943377444868857
682227,"Williamson, Brandon",2024,"L",256,113,46,1.5782327022582932,6.713892140870198,-0.1450113138508244,4.929035080701314
685299,"Gordon, Tanner",2024,"R",606,115,47,-1.618877613397686,6.180132791951883,0.06131771647753012,4.3957355088450045
642547,"Peralta, Freddy",2024,"R",3147,158,37,-2.171440117496943,5.2787457246428735,-0.3876928516647436,3.939143721717821
676596,"Fleming, Josh",2024,"L",531,134,28,2.28403454798783,5.381780641098162,0.19152436484713958,4.283024157838091
679156,"Pennington, Walter",2024,"L",330,140,29,2.526611288442486,5.768216469232678,0.43661580267919836,4.624643006265866
686580,"Slaten, Justin",2024,"R",811,111,52,-1.625598994407976,6.06497957684464,-0.1265251584166903,4.166999807899842
656629,"Kopech, Michael",2024,"R",1143,119,45,-1.5906587863824817,5.7182101978606354,-0.08153914371443313,4.220991432309828
606965,"Devenski, Chris",2024,"R",533,139,43,-1.5577096678437239,6.418662117750756,0.11035304284429108,4.837443185078909
663542,"Hudson, Bryan",2024,"L",927,158,13,2.906346650741491,5.020289696577117,0.4375298548015853,4.434065435143359
680694,"Bradish, Kyle",2024,"R",674,110,58,-0.9076092352455892,6.354847690706166,0.24773578338807864,4.502538497781096
656887,"Reid-Foley, Sean",2024,"R",379,121,46,-1.5718554355211598,5.493294286557578,-0.04905050912665379,3.9199456998198654
687863,"Hodge, Porter",2024,"R",641,112,41,-1.828501024842643,5.695063312294879,-0.15279443814116206,4.254412915981879
598264,"Barnes, Matt",2024,"R",237,120,44,-1.5672303104637486,6.472706144882119,0.18149882405589776,4.758917173221417
669432,"Rogers, Trevor",2024,"L",2243,110,23,2.468977066349189,5.706552367864814,0.23645099227304944,4.771702789029525
622072,"Wood, Alex",2024,"L",751,133,18,2.7961788744730334,4.779331689224633,0.4447125270880656,4.010534344818914
623352,"Hader, Josh",2024,"L",1201,117,34,2.1118707404347252,5.713555291386737,0.15401300075249227,4.392951213264055
605177,"Chafin, Andrew",2024,"L",967,140,50,1.6062295043933454,6.269724301074535,0.11661578784376411,4.4980751295422765
671737,"Bradley, Taj",2024,"R",2294,139,54,-1.2984871226094774,6.105737522570213,0.013338093173387269,4.275271618979685
607481,"Bummer, Aaron",2024,"L",1002,144,7,2.6282130185420893,5.127556311458012,0.3030502744066234,4.830698616047761
683769,"Gaddis, Hunter",2024,"R",1075,114,34,-2.108492630805915,6.154092784716495,-0.1146871588110932,4.796770656883469
663546,"Hjelle, Sean",2024,"R",1209,137,28,-2.223239156383704,6.426972174102243,0.04849064724017283,5.214660385492643
670970,"Morejon, Adrian",2024,"L",1053,135,43,1.756019802590873,5.811890822908579,0.125774449116606,4.303193932961256
678394,"Bello, Brayan",2024,"R",2709,111,28,-2.2936813358035053,5.179998568249112,-0.2552490287540902,4.0849402254253855
678906,"Teng, Kai-Wei",2024,"R",204,137,24,-2.4714168200899653,5.489665929898005,-0.47911946716297926,4.611303202002727
666619,"Santos, Gregory",2024,"R",112,136,34,-2.0954316890644846,5.763616378443838,-0.032752530557677594,4.397904773045582
683003,"Jones, Jared",2024,"R",1912,134,45,-1.5983077217445585,5.538928489034299,-0.051151918038991946,4.011014094675537
621051,"Wilson, Steven",2024,"R",623,145,43,-1.8294516883074339,5.617391164022457,-0.21120822854167198,4.090308232547357
622075,"Almonte, Yency",2024,"R",266,112,39,-2.1396227167705613,5.831291154577851,-0.21944443394582713,4.25390846668811
689147,"Kerkering, Orion",2024,"R",1063,143,31,-2.215434379257993,5.651567736950685,-0.2137968804027211,4.442381639761011
676092,"Snider, Collin",2024,"R",676,136,20,-2.4696260505006458,5.200441562566769,-0.23806533187777523,4.376486624028308
676604,"Zuber, Tyler",2024,"R",75,139,35,-1.80802858107488,5.170172036538454,-0.0805202341057635,3.958924944741533
683004,"Leiter, Jack",2024,"R",669,140,50,-1.4004909955953297,5.656046446419118,-0.04980494299363991,4.025469966081285
523260,"Kelly, Joe",2024,"R",544,119,28,-2.216199639071052,5.246125443846054,-0.2827403469710077,4.218786030394779
621053,"Ferguson, Tyler",2024,"R",819,133,27,-2.820998162656735,5.845585310990587,-0.6587680223915519,4.754367996273875
695549,"Jobe, Jackson",2024,"R",63,116,46,-1.394409917764951,5.812898905677748,0.11614419121183828,4.269230915598563
700669,"Graceffo, Gordon",2024,"R",105,138,48,-1.4950525205601501,5.874230948353706,0.02011461760461761,4.201616768525593
518397,"Alexander Jr., Scott",2024,"L",566,133,37,1.9281472321836088,5.721226756432385,0.13380433838488812,4.388575156522618
656638,"Lange, Alex",2024,"R",377,116,43,-1.5253387607941093,5.748304743516601,0.1899712530201375,4.137869733849652
669438,"Englert, Mason",2024,"R",365,116,33,-2.3715127484183913,5.6331129940081865,-0.39946057504944693,4.345307594559617
605182,"Clevinger, Mike",2024,"R",303,145,41,-1.7872380536506343,5.6279238336394375,-0.05923777201249535,4.13324253984222
681982,"Anderson, Grant",2024,"R",483,140,-3,-3.1819698579569797,4.157328317579476,-1.0367783669726127,4.266337137542764
703231,"Meeker III, James",2024,"R",16,158,29,-2.4233570715630277,5.595804784798827,-0.4204638034759358,4.479972632575759